name,host_star,discovery_year,method,distance_pc,period_days,radius_earth,mass_earth,eq_temp_k
HD 219134 b,HD 219134,2015,Radial Velocity,6.53,3.0929,1.6,4.74,1015
HD 219134 c,HD 219134,2015,Radial Velocity,6.53,6.7646,1.51,4.36,782
HD 219134 d,HD 219134,2015,Radial Velocity,6.53,46.859,1.61,16.17,411
HD 219134 f,HD 219134,2015,Radial Velocity,6.53,22.717,1.31,7.3,523
LTT 1445 A c,LTT 1445 A,2022,Transit,6.87,3.1239,1.15,1.54,508
LTT 1445 A b,LTT 1445 A,2019,Transit,6.87,5.3588,1.34,2.73,431
GJ 486 b,GJ 486,2021,Radial Velocity,8.07,1.4671,1.29,2.77,696
GJ 367 b,GJ 367,2021,Transit,9.41,0.3219,0.7,0.63,1365
GJ 357 b,GJ 357,2019,Transit,9.44,3.9306,1.2,,518
AU Mic b,AU Mic,2020,Transit,9.72,8.4634,4.79,8.99,555
AU Mic c,AU Mic,2021,Transit,9.72,18.859,2.79,14.46,425
HD 260655 b,HD 260655,2022,Transit,10.01,2.7695,1.24,2.14,709
HD 260655 c,HD 260655,2022,Transit,10.01,5.7059,1.53,3.09,557
L 98-59 d,L 98-59,2019,Transit,10.62,7.4507,1.63,1.64,416
L 98-59 b,L 98-59,2019,Transit,10.62,2.2531,0.84,0.46,620
L 98-59 c,L 98-59,2019,Transit,10.62,3.6907,1.33,2.0,526
COCONUTS-2 b,COCONUTS-2 A,2021,Imaging,10.89,,12.58,2383.71,493
GJ 414 A b,GJ 414 A,2021,Radial Velocity,11.89,50.8,2.63,7.6,309
GJ 414 A c,GJ 414 A,2021,Radial Velocity,11.89,749.83,8.4,53.83,125
GJ 806 b,GJ 806,2023,Transit,12.04,0.9263,1.33,1.9,940
LHS 475 b,LHS 475,2023,Transit,12.48,2.0291,0.99,,586
GJ 1132 b,GJ 1132,2015,Transit,12.61,1.6289,1.19,1.84,584
HD 101581 c,HIP 56998,2025,Transit,12.78,6.204,0.99,,747
HD 101581 b,HIP 56998,2025,Transit,12.78,4.4657,0.96,,834
TOI-540 b,TOI-540,2020,Transit,14.0,1.2391,0.9,,611
GJ 1214 b,GJ 1214,2009,Transit,14.64,1.5804,2.73,8.41,567
HD 136352 b,HD 136352,2019,Radial Velocity,14.68,11.578,1.66,4.72,905
HD 136352 c,HD 136352,2019,Radial Velocity,14.68,27.5922,2.92,11.24,677
HD 136352 d,HD 136352,2019,Radial Velocity,14.68,107.245,2.56,8.82,431
LHS 3844 b,LHS 3844,2019,Transit,14.88,0.4629,1.29,2.37,816
LHS 1140 c,LHS 1140,2018,Transit,14.99,3.7779,1.27,1.91,422
LHS 1140 b,LHS 1140,2017,Transit,14.99,24.7372,1.73,5.6,226
GJ 238 b,GJ 238,2024,Transit,15.21,1.7447,0.57,,758
GJ 3929 b,GJ 3929,2022,Transit,15.81,2.6162,1.09,1.75,568
GJ 143 b,GJ 143,2019,Transit,16.32,35.6125,2.61,22.7,422
HD 21749 c,GJ 143,2019,Transit,16.32,7.7899,0.89,3.7,701
TOI-4527.01,TOI-4527,2024,Transit,18.1,0.3994,0.91,,1363
LHS 1478 b,LHS 1478,2021,Transit,18.23,1.9495,1.24,2.33,595
TOI-5388.01,TOI-5388,2024,Transit,18.52,2.5947,0.99,2.2,488
TOI-6716 b,TOI-6716,2026,Transit,18.89,4.7186,0.98,,369
TOI-2194 b,TOI-2194,2023,Transit,19.57,15.3376,1.99,,591
TOI-260 b,TOI-260,2024,Transit,20.19,13.4759,1.71,4.23,493
TOI-5789 c,TOI-5789,,Transit,20.46,12.9277,2.86,5.0,718
TOI-6324 b,TOI-6324,2025,Transit,20.55,0.2792,1.06,1.17,1216
HD 97658 b,HD 97658,2010,Radial Velocity,21.56,9.4897,2.12,8.3,751
K2-415 b,K2-415,2023,Transit,21.82,4.018,1.01,7.5,412
LTT 3780 b,LTT 3780,2020,Transit,21.98,0.7684,1.33,2.46,903
LTT 3780 c,LTT 3780,2020,Transit,21.98,12.2523,2.39,8.04,359
TOI-244 b,TOI-244,2023,Transit,22.03,7.3972,1.52,2.68,458
HD 63433 b,HD 63433,2020,Transit,22.4,7.1079,2.14,21.76,967
HD 63433 c,HD 63433,2020,Transit,22.4,20.5438,2.69,15.54,679
HD 63433 d,HD 63433,2023,Transit,22.4,4.2091,1.07,,1040
TOI-1450 A b,TOI-1450 A,2024,Transit,22.45,2.0439,1.13,1.26,722
GJ 3090 b,GJ 3090,2022,Transit,22.48,2.8531,2.18,4.52,723
TOI-270 b,TOI-270,2019,Transit,22.48,3.3599,1.28,1.48,600
TOI-270 c,TOI-270,2019,Transit,22.48,5.6605,2.33,6.2,489
TOI-270 d,TOI-270,2019,Transit,22.48,11.3819,2.0,4.2,383
TOI-4336 A b,TOI-4336 A,2024,Transit,22.55,16.3364,2.14,3.33,309
TOI-4336 A c,TOI-4336 A,2026,Transit,22.55,7.5873,1.25,1.55,400
TOI-2134 c,TOI-2134,2023,Transit,22.62,95.5,7.27,41.89,306
TOI-2134 b,TOI-2134,2023,Transit,22.62,9.2292,2.69,9.13,666
TOI-6008 b,TOI-6008,2024,Transit,23.1,0.8574,1.03,4.0,707
HD 207496 b,HD 207496,2023,Transit,23.61,6.441,2.25,6.1,743
TOI-198 b,TOI-198,2023,Transit,23.73,10.2152,1.36,3.17,456
TOI-2443 b,TOI-2443,2023,Transit,23.93,15.6686,2.36,4.8,519
WD 1856+534 b,WD 1856+534,2020,Transit,24.74,1.4079,10.4,4386.05,163
TOI-1468 c,TOI-1468,2022,Transit,24.74,15.5325,2.13,4.1,338
TOI-1468 b,TOI-1468,2022,Transit,24.74,1.8805,1.4,3.04,684
L 168-9 b,L 168-9,2020,Transit,25.15,1.4015,1.63,4.07,998
TOI-771 b,TOI-771,2024,Transit,25.28,2.326,1.36,2.47,543
TOI-1080 b,TOI-1080,2026,Transit,25.56,3.9652,1.2,10.7,368
TOI-912 b,TOI-912,2025,Transit,26.11,4.6781,1.93,5.1,551
LP 791-18 b,LP 791-18,2019,Transit,26.49,0.948,1.21,,564
TOI-776 b,TOI-776,2020,Transit,27.17,8.2466,1.8,5.0,520
TOI-776 c,TOI-776,2020,Transit,27.17,15.6653,2.05,6.9,420
TOI-4552 b,TOI-4552,2026,Transit,27.27,0.3011,1.11,1.83,1122
GJ 3473 b,GJ 3473,2020,Transit,27.36,1.198,1.26,1.86,773
TOI-836.01,TOI-836,2021,Transit,27.5,8.5955,2.59,9.6,665
TOI-836 b,TOI-836,2023,Transit,27.5,3.8167,1.7,4.53,871
TOI-1231 b,TOI-1231,2021,Transit,27.62,24.2456,3.65,15.4,330
TOI-5799 b,TOI-5799,2024,Transit,27.81,4.1645,1.73,,505
TOI-5799 c,TOI-5799,2025,Transit,27.81,14.0104,1.76,,337
G 9-40 b,G 9-40,2019,Transit,27.93,5.746,1.9,4.0,441
HD 207897 b,HD 207897,2021,Transit,28.29,16.2017,2.34,14.8,582
TOI-4529 b,TOI-4529,2026,Transit,28.38,5.8796,1.77,4.9,511
TOI-2427 b,TOI-2427,2022,Transit,28.51,1.306,1.8,,1117
Wolf 327 b,Wolf 327,2024,Transit,28.53,0.5735,1.24,2.53,996
GJ 3470 b,GJ 3470,2012,Radial Velocity,29.42,3.3366,4.57,13.9,594
GJ 9827 b,GJ 9827,2017,Transit,29.66,1.209,1.44,4.28,1035
GJ 9827 c,GJ 9827,2017,Transit,29.66,3.6481,1.13,1.86,716
GJ 9827 d,GJ 9827,2017,Transit,29.66,6.2018,1.98,3.02,675
TOI-4438 b,TOI-4438,2024,Transit,30.03,7.4463,2.52,5.4,435
TOI-1452 b,TOI-1452,2022,Transit,30.52,11.062,1.67,4.82,326
TOI-1801 b,TOI-1801,2023,Transit,30.68,10.6439,2.08,5.74,494
TOI-1693 b,TOI-1693,2022,Transit,30.79,1.7667,1.41,,764
TOI-406 c,TOI-406,2024,Transit,31.06,3.3074,1.32,2.08,584
TOI-406.01,TOI-406,2024,Transit,31.06,13.1757,2.08,6.57,368
K2-239 b,K2-239,2018,Transit,31.08,5.24,1.1,,502
K2-239 c,K2-239,2018,Transit,31.08,7.775,1.0,,427
K2-239 d,K2-239,2018,Transit,31.08,10.115,1.1,,399
TOI-6086 b,TOI-6086,2024,Transit,31.46,1.3889,1.18,,634
HD 73583 b,HD 73583,2022,Transit,31.57,6.398,2.79,10.2,714
HD 73583 c,HD 73583,2022,Transit,31.57,18.8797,2.39,9.7,498
TOI-4559 b,TOI-4559,2024,Transit,31.64,3.966,1.42,,554
HR 858 b,HR 858,2019,Transit,31.96,3.5853,2.0,3.55,1552
HR 858 c,HR 858,2019,Transit,31.96,5.9739,1.98,3.8,1309
HR 858 d,HR 858,2019,Transit,31.96,11.2305,2.0,7.1,1061
TOI-6002 b,TOI-6002,2024,Transit,32.03,10.9048,1.65,,321
HD 110067 b,HD 110067,2023,Transit,32.16,9.1137,2.2,5.69,800
HD 110067 c,HD 110067,2023,Transit,32.16,13.6737,2.39,6.3,699
HD 110067 d,HD 110067,2023,Transit,32.16,20.5196,2.85,8.52,602
HD 110067 e,HD 110067,2023,Transit,32.16,30.7931,1.94,3.9,533
HD 110067 f,HD 110067,2023,Transit,32.16,41.0585,2.6,5.04,489
HD 110067 g,HD 110067,2023,Transit,32.16,54.7699,2.61,8.4,440
TOI-2120 b,TOI-2120,2024,Transit,32.18,5.7998,2.12,6.8,384
LP 890-9 b,LP 890-9,2022,Transit,32.43,2.7299,1.32,13.2,396
LP 890-9 c,LP 890-9,2022,Transit,32.43,8.4575,1.37,25.3,272
TOI-1411 b,TOI-1411,2022,Transit,32.48,1.4521,1.2,2.0,976
TOI-5734 b,TOI-5734,2026,Transit,32.51,6.1842,2.1,9.1,688
TOI-431 b,TOI-431,2021,Transit,32.57,0.49,1.28,3.07,1862
TOI-431 d,TOI-431,2021,Transit,32.57,12.461,3.29,9.9,633
TOI-620 b,TOI-620,2022,Transit,33.02,5.0988,3.76,,604
HD 88986 b,HD 88986,2023,Radial Velocity,33.27,146.05,2.49,17.2,460
TOI-2136 b,TOI-2136,2022,Transit,33.36,7.8519,2.19,6.37,395
HD 73344 b,HD 73344,2024,Transit,35.26,15.611,2.88,10.48,911
TOI-1634 b,TOI-1634,2021,Transit,35.27,0.9893,1.76,4.9,900
TOI-7166 b,TOI-7166,2025,Transit,35.42,12.9206,2.01,,249
LHS 1903 c,LHS 1903,2026,Transit,35.69,6.2262,2.05,4.55,559
LHS 1903 b,LHS 1903,2026,Transit,35.69,2.1555,1.38,3.28,796
LHS 1903 d,LHS 1903,2026,Transit,35.69,12.5663,2.5,5.96,442
LHS 1903 e,LHS 1903,2026,Transit,35.69,29.3177,1.73,5.79,333
TOI-5720 b,TOI-5720,2024,Transit,35.83,1.4345,1.09,4.3,708
TOI-1266 b,TOI-1266,2020,Transit,36.01,10.8945,2.52,4.46,415
TOI-1266 c,TOI-1266,2020,Transit,36.01,18.8027,1.98,3.17,346
TOI-2431 b,TOI-2431,2026,Transit,36.06,0.2242,1.53,6.2,2063
TOI-2128 b,TOI-2128,2024,Transit,36.58,16.3414,2.09,4.5,781
TOI-2459 b,TOI-2459,2023,Transit,36.61,19.1047,2.95,,445
TOI-1680 b,TOI-1680,2023,Transit,37.22,4.8026,1.47,,404
TOI-1224 b,TOI-1224,2024,Transit,37.33,4.1783,2.1,,541
TOI-1685 b,TOI-1685,2021,Transit,37.62,0.6691,1.42,3.07,1000
TOI-1201 b,TOI-1201,2021,Transit,37.89,2.492,2.42,6.28,703
K2-18 b,K2-18,2015,Transit,38.03,32.9396,2.37,8.92,284
TOI-237 b,TOI-237,2020,Transit,38.07,5.4361,1.44,,388
TOI-237 c,TOI-237,2026,Transit,38.07,1.7449,1.21,,515
TOI-6478 b,TOI-6478,2025,Transit,38.61,34.005,4.6,,204
HD 23472 b,HD 23472,2019,Transit,39.03,17.6671,2.0,8.32,543
HD 23472 c,HD 23472,2019,Transit,39.03,29.7975,1.87,3.41,467
HD 23472 e,HD 23472,2022,Transit,39.03,7.9075,0.82,0.72,723
HD 23472 d,HD 23472,2022,Transit,39.03,3.9766,0.75,0.55,909
HD 23472 f,HD 23472,2022,Transit,39.03,12.1622,1.14,0.77,630
HD 203030 b,HD 203030,2006,Imaging,39.25,,14.46,3496.11,1040
TOI-5716 b,TOI-5716,2025,Transit,39.41,6.7663,0.96,,400
Kepler-42 b,Kepler-42,2011,Transit,40.06,1.2138,0.78,,519
Kepler-42 d,Kepler-42,2011,Transit,40.06,1.8652,0.57,,450
Kepler-42 c,Kepler-42,2011,Transit,40.06,0.4533,0.73,,720
TOI-1759 b,TOI-1759,2022,Transit,40.07,18.8502,3.14,10.8,443
TOI-5713 b,TOI-5713,2024,Transit,40.87,10.442,1.77,,347
TOI-544 b,TOI-544,2022,Transit,41.12,1.5484,2.02,2.89,999
TOI-1442 b,TOI-1442,2022,Transit,41.17,0.4091,1.17,,1072
HR 8799 e,HR 8799,2010,Imaging,41.24,,13.11,3178.3,1150
TOI-1743 b,TOI-1743,2025,Transit,41.28,4.266,1.83,,485
TOI-833 b,TOI-833,2022,Transit,41.71,1.0419,1.27,,1118
TOI-2076 b,TOI-2076,2021,Transit,41.91,10.355,2.59,6.7,736
TOI-2076 c,TOI-2076,2021,Transit,41.91,21.0145,3.54,7.2,581
TOI-2076 d,TOI-2076,2021,Transit,41.91,35.128,3.27,7.3,490
TOI-2076 e,TOI-2076,2025,Transit,41.91,3.0224,1.3,4.7,1110
TOI-2095 c,TOI-2095,2023,Transit,41.92,28.1723,1.33,7.4,297
TOI-2095 b,TOI-2095,2023,Transit,41.92,17.6648,1.25,4.1,347
TOI-715 b,TOI-715,2023,Transit,42.4,19.288,1.55,,234
TOI-2285 b,TOI-2285,2021,Transit,42.41,13.6351,1.77,,358
TOI-139 b,TOI-139,2023,Transit,42.41,11.0709,2.46,,561
TOI-1807 b,TOI-1807,2021,Transit,42.58,0.5494,1.5,2.44,1694
TOI-5800 b,TOI-5800,2025,Transit,42.91,2.6279,2.46,9.5,1108
TOI-3884 b,TOI-3884,2022,Transit,43.14,4.5446,6.43,32.59,441
TOI-5082.01,TOI-5082,2024,Transit,43.14,4.2401,2.55,,1165
TOI-1243 b,TOI-1243,2026,Transit,43.19,4.6595,2.33,7.7,450
TOI-262 b,TOI-262,2023,Transit,43.93,11.1453,2.07,,584
TOI-4364 b,TOI-4364,2025,Transit,43.97,5.424,2.01,,488
DS Tuc A b,DS Tuc A,2019,Transit,44.06,8.1383,5.7,,850
K2-3 b,K2-3,2015,Transit,44.07,10.0547,2.08,5.11,501
K2-3 c,K2-3,2015,Transit,44.07,24.6467,1.58,2.68,372
K2-3 d,K2-3,2015,Transit,44.07,44.556,1.46,2.2,305
Wolf 503 b,Wolf 503,2018,Transit,44.53,6.0013,2.04,6.26,790
TOI-1776 b,TOI-1776,2024,Transit,44.65,2.7999,1.22,1.4,1269
BD+60 1417 b,BD+60 1417,2021,Imaging,44.95,,14.68,4767.43,1303
K2-25 b,K2-25,2015,Transit,44.96,3.4846,3.44,24.5,494
TOI-5489 b,TOI-5489,2025,Transit,45.09,3.1522,1.4,,624
TOI-5489 c,TOI-5489,2025,Transit,45.09,4.9213,1.28,,536
TOI-1695 b,TOI-1695,2022,Transit,45.13,3.1343,1.9,6.36,698
HD 15906 b,HD 15906,2023,Transit,45.56,10.9247,2.24,,668
HD 15906 c,HD 15906,2023,Transit,45.56,21.5833,2.93,,532
HD 25463 b,HD 25463,2023,Transit,45.62,7.0491,2.55,8.7,1198
HD 25463 c,HD 25463,2023,Transit,45.62,3.0441,1.36,4.3,1586
HD 86226 c,HD 86226,2020,Transit,45.68,3.9844,2.16,7.25,1311
TOI-1860 b,TOI-1860,2022,Transit,45.86,1.0662,1.31,,1885
TOI-674 b,TOI-674,2021,Transit,46.09,1.9771,5.25,23.6,635
TOI-904 b,TOI-904,2023,Transit,46.09,10.8772,2.43,,429
TOI-904 c,TOI-904,2023,Transit,46.09,83.9997,2.17,,217
HIP 113103 b,HIP 113103,2023,Transit,46.21,7.6103,1.83,,721
HIP 113103 c,HIP 113103,2023,Transit,46.21,14.2456,2.4,,585
Ross 176 b,Ross 176,2025,Transit,46.45,5.0066,1.84,4.57,682
TOI-1846 b,TOI-1846,2025,Transit,47.25,3.9307,1.79,,568
HD 3167 b,HD 3167,2016,Transit,47.29,0.9596,1.67,4.97,1774
HD 3167 c,HD 3167,2016,Transit,47.29,29.8454,3.0,11.13,564
TOI-2015 b,TOI-2015,2023,Transit,47.34,3.3482,3.31,9.2,531
TOI-500 b,TOI-500,2022,Transit,47.39,0.5482,1.17,1.42,1617
GU Psc b,GU Psc,2014,Imaging,47.55,,14.18,3591.3,1050
TOI-206 b,TOI-206,2022,Transit,47.75,0.7363,1.3,,910
HD 213885 b,HD 213885,2019,Transit,48.09,1.008,1.75,8.83,2128
TOI-2096 b,TOI-2096,2023,Transit,48.48,3.1191,1.24,,445
TOI-2096 c,TOI-2096,2023,Transit,48.48,6.3878,1.91,,349
TOI-2445 b,TOI-2445,2022,Transit,48.58,0.3711,1.25,,1060
TOI-2274 b,TOI-2274,2024,Transit,48.88,2.6796,2.45,,771
HD 63935 c,HD 63935,2021,Radial Velocity,48.97,21.4027,3.06,11.1,620
HD 63935 b,HD 63935,2021,Transit,48.97,9.0588,2.92,10.5,825
WASP-80 b,WASP-80,2012,Transit,49.79,3.0679,11.2,170.99,825
WASP-69 b,WASP-69,2014,Transit,49.96,3.8681,11.21,82.58,971
kap And b,kap And,2012,Imaging,50.02,,15.92,5498.43,1791
TOI-2094 b,TOI-2094,2026,Transit,50.02,18.7932,1.9,,276
TOI-1683.01,TOI-1683,2024,Transit,51.19,3.0575,2.64,,929
TOI-2266 b,TOI-2266,2024,Transit,51.6,2.3263,1.54,,550
TOI-1470 b,TOI-1470,2023,Transit,51.95,2.5271,2.18,7.32,734
TOI-1470 c,TOI-1470,2023,Transit,51.95,18.0882,2.47,7.24,373
TOI-782 b,TOI-782,2024,Transit,52.51,8.024,2.73,19.1,435
LP 714-47 b,LP 714-47,2020,Transit,52.62,4.052,4.7,30.8,700
TOI-2068 b,TOI-2068,2024,Transit,52.93,7.7689,1.82,,521
HD 191939 d,HD 191939,2020,Transit,53.61,38.353,3.0,2.8,540
HD 191939 c,HD 191939,2020,Transit,53.61,28.5797,3.2,8.0,600
HD 191939 b,HD 191939,2020,Transit,53.61,8.8803,3.41,10.0,880
TOI-1774.01,TOI-1774,2021,Transit,53.97,16.7099,2.78,8.5,824
TOI-480 b,TOI-480,2024,Transit,54.53,6.8662,2.85,20.8,1199
TOI-5728 b,TOI-5728,2025,Transit,54.7,11.4976,1.31,,382
TOI-1416 b,TOI-1416,2023,Transit,55.01,1.0698,1.62,3.48,1517
TOI-2406 b,TOI-2406,2021,Transit,55.42,3.0767,2.86,15.6,449
TOI-1806.01,TOI-1806,2024,Transit,55.52,15.1455,3.41,,337
TOI-4443.01,TOI-4443,2024,Transit,56.07,1.8499,1.72,,1639
K2-315 b,K2-315,2020,Transit,56.97,3.1443,0.95,,460
TOI-269 b,TOI-269,2021,Transit,57.02,3.6977,2.77,8.8,531
HD 183579 b,HD 183579,2021,Transit,57.27,17.4713,3.49,20.4,752
TOI-444 b,TOI-444,2023,Transit,57.4,17.9636,2.77,,609
HD 5278 b,HD 5278,2021,Transit,57.58,14.3392,2.45,7.8,943
TOI-654.01,TOI-654,2024,Transit,57.76,1.5276,2.38,8.71,794
TOI-2257 b,TOI-2257,2021,Transit,57.79,35.1893,2.19,,256
TOI-1130 b,TOI-1130,2020,Transit,58.26,4.0746,3.66,19.8,825
TOI-1130 c,TOI-1130,2020,Transit,58.26,8.3502,13.0,336.0,650
HIP 94235 b,HIP 94235,2022,Transit,58.51,7.7131,3.0,379.0,1060
TOI-712 b,TOI-712,2022,Transit,58.62,9.5314,2.05,,650
TOI-712 c,TOI-712,2022,Transit,58.62,51.6991,2.7,,370
TOI-712 d,TOI-712,2022,Transit,58.62,84.8396,2.47,,314
TOI-286 b,TOI-286,2024,Transit,59.23,4.5117,1.42,4.53,979
TOI-286 c,TOI-286,2024,Transit,59.23,39.3618,1.88,3.72,475
K2-136 b,K2-136,2017,Transit,59.25,7.9752,1.01,4.3,610
K2-136 c,K2-136,2017,Transit,59.25,17.3071,3.0,18.1,470
K2-136 d,K2-136,2017,Transit,59.25,25.575,1.57,3.0,420
TOI-1824 b,TOI-1824,2024,Transit,59.43,22.8085,2.74,16.0,529
TOI-2411 b,TOI-2411,2022,Transit,59.54,0.7827,1.68,,1355
TOI-815 c,TOI-815,2024,Transit,59.71,34.9761,2.62,23.5,469
TOI-815 b,TOI-815,2024,Transit,59.71,11.1973,2.94,7.6,686
TOI-2322 c,TOI-2322,2025,Transit,59.86,20.2255,1.87,18.1,497
TOI-2322 b,TOI-2322,2025,Transit,59.86,11.3072,0.99,2.31,603
TOI-757 b,TOI-757,2024,Transit,60.34,17.4682,2.5,10.5,641
TOI-880 c,TOI-880,2025,Transit,60.67,6.3873,4.95,,805
TOI-880.02,TOI-880,2024,Transit,60.67,2.5757,2.19,,1085
TOI-1728 b,TOI-1728,2020,Transit,60.8,3.4915,5.05,26.78,767
TOI-521 b,TOI-521,2025,Transit,60.94,1.5429,1.98,5.3,794
TOI-5319 b,TOI-5319,2024,Transit,61.17,4.0785,2.83,,695
TOI-1075 b,TOI-1075,2022,Transit,61.46,0.6047,1.79,9.95,1323
TOI-4342 b,TOI-4342,2023,Transit,61.52,5.5383,2.33,7.3,639
TOI-4342 c,TOI-4342,2023,Transit,61.52,10.6887,2.35,4.8,514
HIP 65 A b,HIP 65 A,2020,Transit,61.79,0.981,22.75,1021.19,1411
K2-141 b,K2-141,2018,Transit,61.87,0.2803,1.51,4.97,2103
K2-141 c,K2-141,2018,Transit,61.87,7.7485,7.0,8.0,695
TOI-122 b,TOI-122,2020,Transit,62.12,5.078,2.72,,471
TOI-2081 b,TOI-2081,2022,Transit,62.34,10.5053,2.04,,488
HIP 116454 b,HIP 116454,2014,Transit,62.45,9.1004,2.47,9.7,753
TOI-411 c,HD 22946,2022,Transit,62.78,9.5731,2.33,9.72,931
TOI-411 b,HD 22946,2022,Transit,62.78,4.0403,1.36,13.71,1241
HD 22946 d,HD 22946,2023,Transit,62.78,47.4249,2.61,26.57,546
K2-28 b,K2-28,2016,Transit,63.0,2.2605,2.32,,568
TOI-4602.01,TOI-4602,2024,Transit,63.06,3.9812,2.55,,1380
HD 20329 b,HD 20329,2022,Transit,63.68,0.9261,1.72,7.42,2141
Kepler-37 d,Kepler-37,2013,Transit,63.92,39.7923,2.03,2.0,499
Kepler-37 c,Kepler-37,2013,Transit,63.92,21.3018,0.76,1.3,615
Kepler-37 b,Kepler-37,2013,Transit,63.92,13.367,0.31,0.79,718
TOI-824 b,TOI-824,2020,Transit,63.93,1.393,2.93,18.47,1253
K2-257 b,K2-257,2018,Transit,64.01,1.6059,0.83,,789
TOI-663 d,TOI-663,2024,Transit,64.23,7.1027,1.92,5.2,482
TOI-663 c,TOI-663,2024,Transit,64.23,4.6956,2.26,3.65,553
TOI-663 b,TOI-663,2024,Transit,64.23,2.5989,2.27,4.45,674
2MASS J12073346-3932539 b,2MASS J12073346-3932539,2004,Imaging,64.31,,15.69,1652.71,1163
TOI-1696 b,TOI-1696,2022,Transit,64.92,2.5003,3.09,48.8,489
TOI-1203.01,TOI-1203,2021,Transit,64.99,25.5027,2.92,7.39,744
TOI-1203 b,TOI-1203,2025,Radial Velocity,64.99,4.1573,1.52,3.51,1361
TOI-913 b,TOI-913,2023,Transit,65.18,11.0986,2.45,,712
K2-288 B b,K2-288 B,2018,Transit,65.61,31.3935,1.9,,226
HIP 97166 b,HIP 97166,2021,Transit,65.95,10.2889,2.48,19.1,702
2MASS J0249-0557 c,2MASS J0249-0557 A,2018,Imaging,66.06,,17.37,3616.89,1723
TOI-7384 b,TOI-7384,2026,Transit,66.79,6.234,3.56,,378
Kepler-138 c,Kepler-138,2014,Transit,66.86,13.7815,1.51,2.3,410
Kepler-138 d,Kepler-138,2014,Transit,66.86,23.0923,1.51,2.1,345
Kepler-138 b,Kepler-138,2014,Transit,66.86,10.3134,0.64,0.07,452
TOI-672 b,TOI-672,2023,Transit,66.91,3.6336,5.31,50.9,700
TOI-512 b,TOI-512,2025,Transit,67.4,7.1889,1.54,3.57,1009
K2-233 c,K2-233,2018,Transit,67.51,7.0602,1.27,4.6,794
K2-233 d,K2-233,2018,Transit,67.51,24.3681,2.36,10.3,525
K2-233 b,K2-233,2018,Transit,67.51,2.4676,1.32,2.4,1127
HIP 9618 b,HIP 9618,2023,Transit,67.55,20.7729,3.83,8.3,641
HIP 9618 c,HIP 9618,2023,Transit,67.55,52.5636,3.43,7.0,470
HD 6061 b,HD 6061,2023,Transit,67.62,5.2549,2.43,10.0,1075
TOI-871 b,TOI-871,2024,Transit,68.05,14.3626,1.66,,621
TOI-1064 b,TOI-1064,2022,Transit,68.07,6.4439,2.59,13.5,784
TOI-1064 c,TOI-1064,2022,Transit,68.07,12.2266,2.65,2.5,634
Kepler-409 b,Kepler-409,2014,Transit,68.17,68.9583,1.2,6.0,438
TOI-469.01,TOI-469,2021,Transit,68.19,13.6308,3.41,9.1,716
HIP 29442 c,TOI-469,2023,Radial Velocity,68.19,3.538,1.55,4.5,1123
HIP 29442 d,TOI-469,2023,Radial Velocity,68.19,6.4296,1.54,5.14,920
TOI-128.01,TOI-128,2024,Transit,68.47,4.9405,2.22,,1345
TOI-4184 b,TOI-4184,2023,Transit,69.36,4.902,2.43,,412
K2-151 b,K2-151,2018,Transit,69.48,3.8355,1.49,,566
HD 35843 c,HD 35843,2025,Transit,69.6,46.9622,2.54,11.32,479
TOI-1648 b,TOI-1648,2025,Transit,69.83,7.3316,2.54,7.4,799
TOI-1238 c,TOI-1238,2022,Transit,70.71,3.2947,2.11,8.32,695
TOI-1238 b,TOI-1238,2022,Transit,70.71,0.7646,1.21,3.76,1133
HAT-P-20 b,HAT-P-20,2010,Transit,71.04,2.8753,9.72,2302.9,970
TOI-1823 b,TOI-1823,2024,Transit,71.65,38.8,7.54,67.4,424
K2-122 b,K2-122,2017,Transit,72.04,2.2193,1.16,,769
TOI-6041 b,TOI-6041,2025,Transit,72.47,26.0495,4.55,28.9,606
TOI-1410.01,TOI-1410,2024,Transit,72.75,1.2169,3.1,12.5,1237
K2-155 c,K2-155,2018,Transit,72.8,13.85,2.6,,583
K2-155 d,K2-155,2018,Transit,72.8,40.718,1.9,,381
K2-155 b,K2-155,2018,Transit,72.8,6.342,1.8,,708
TOI-3235 b,TOI-3235,2023,Transit,72.81,2.5926,11.4,211.36,604
TOI-1742 b,TOI-1742,2024,Transit,72.89,21.2691,2.37,9.7,694
K2-240 c,K2-240,2018,Transit,72.91,20.523,1.8,,389
K2-240 b,K2-240,2018,Transit,72.91,6.034,2.0,,586
TOI-1448 b,TOI-1448,2024,Transit,73.33,8.1122,2.75,19.5,426
TOI-1260 b,TOI-1260,2021,Transit,73.6,3.1275,2.41,8.56,871
TOI-1260 c,TOI-1260,2021,Transit,73.6,7.4931,2.76,13.2,651
TOI-1260 d,TOI-1260,2022,Transit,73.6,16.6082,3.12,11.84,499
TOI-6894 b,TOI-6894,2025,Transit,73.81,3.3708,9.58,53.4,418
TOI-421 b,TOI-421,2020,Transit,74.8,5.1976,2.64,6.7,922
TOI-421 c,TOI-421,2020,Transit,74.8,16.0675,5.09,14.1,635
K2-344 b,K2-344,2021,Transit,75.17,3.3559,1.59,,722
K2-133 e,K2-133,2019,Transit,75.17,26.5841,1.73,,296
TOI-2133 b,TOI-2133,2026,Transit,75.2,3.8266,2.37,,798
TOI-733 b,TOI-733,2023,Transit,75.21,4.8848,1.99,5.72,1056
K2-184 b,K2-184,2018,Transit,75.59,16.978,1.47,,533
TOI-6000 b,TOI-6000,2025,Transit,75.77,0.449,0.94,,1120
K2-286 b,K2-286,2018,Transit,76.15,27.359,2.1,,347
TOI-257 b,TOI-257,2021,Transit,76.9,18.3882,7.16,43.86,1027
TOI-969 b,TOI-969,2022,Transit,77.26,1.8237,2.77,9.1,941
K2-266 b,K2-266,2018,Transit,77.56,0.6585,3.3,11.27,1515
K2-266 c,K2-266,2018,Transit,77.56,7.814,0.71,0.29,665
K2-266 d,K2-266,2018,Transit,77.56,14.697,2.93,8.9,538
K2-266 e,K2-266,2018,Transit,77.56,19.482,2.73,14.3,490
TOI-2141 b,TOI-2141,2023,Transit,77.68,18.2616,3.15,20.1,728
K2-321 b,K2-321,2020,Transit,77.69,2.298,2.05,,830
HD 17156 b,HD 17156,2007,Radial Velocity,78.09,21.2164,12.26,1036.12,888
TOI-2768 b,TOI-2768,2024,Transit,78.45,1.508,2.63,,855
TOI-1453 b,TOI-1453,2025,Transit,78.74,4.3135,1.17,2.32,944
TOI-1453 c,TOI-1453,2025,Transit,78.74,6.5887,2.22,2.95,820
TOI-3353.01,TOI-3353,2024,Transit,78.76,4.6658,2.67,,1264
HD 21520 b,HD 21520,2024,Transit,79.21,25.1292,2.7,17.7,637
TOI-6054.01,TOI-6054,2024,Transit,79.41,7.5014,2.64,12.5,1360
TOI-6054.02,TOI-6054,2024,Transit,79.41,12.5636,2.82,9.3,1143
HD 1397 b,HD 1397,2018,Transit,79.57,11.5353,11.5,131.9,1228
TOI-1898 b,TOI-1898,2024,Transit,79.67,45.5223,9.4,129.0,675
TOI-3785 b,TOI-3785,2023,Transit,79.76,4.6747,5.14,14.95,582
TOI-4860 b,TOI-4860,2023,Transit,80.14,1.5228,8.7,86.7,694
LTT 9779 b,LTT 9779,2020,Transit,80.44,0.7921,4.72,29.32,1978
TOI-238 b,TOI-238,2024,Transit,80.54,1.2731,1.56,3.37,1378
TOI-238 c,TOI-238,2024,Radial Velocity,80.54,8.4657,2.18,6.7,696
TOI-4479 b,TOI-4479,2022,Transit,80.65,1.1589,2.82,,861
HD 332231 b,HD 332231,2020,Transit,80.67,18.712,9.07,74.1,798
TOI-5817 b,TOI-5817,2025,Transit,80.75,15.6103,3.08,10.3,950
K2-167 b,K2-167,2018,Transit,80.9,9.9785,2.37,,1220
TOI-1710 b,TOI-1710,2022,Transit,81.23,24.2834,5.2,22.4,603
TOI-2345 b,TOI-2345,2025,Transit,81.65,1.0529,1.5,3.49,1478
TOI-2345 c,TOI-2345,2025,Transit,81.65,21.0643,2.45,7.27,544
TOI-1062 b,TOI-1062,2021,Transit,82.17,4.113,2.27,10.15,1077
HD 93963 A c,HD 93963 A,2022,Transit,82.34,3.6451,3.12,18.4,1212
HD 93963 A b,HD 93963 A,2022,Transit,82.34,1.0376,1.47,2.8,1842
TOI-283 b,TOI-283,2025,Transit,82.7,17.6175,2.34,6.54,661
TOI-2093 c,TOI-2093,2025,Transit,82.8,53.8115,2.3,15.8,329
TOI-5076 b,TOI-5076,2024,Transit,82.86,23.4432,3.49,16.15,550
K2-9 b,K2-9,2015,Transit,82.96,18.4498,2.25,,314
TOI-682.01,TOI-682,2021,Transit,83.15,6.8392,3.74,,1090
TOI-5803 b,TOI-5803,2023,Transit,84.01,5.3831,3.27,,679
TOI-561 b,TOI-561,2020,Transit,85.8,0.4466,1.4,2.02,2319
TOI-561 c,TOI-561,2020,Transit,85.8,10.7788,2.87,5.93,802
TOI-561 d,TOI-561,2020,Transit,85.8,25.7127,2.62,13.33,600
TOI-561 e,TOI-561,2020,Transit,85.8,77.144,2.52,12.4,416
TOI-1443 b,TOI-1443,2024,Transit,85.8,23.5407,2.3,30.0,521
TOI-756 b,TOI-756,2025,Transit,86.18,1.2392,2.81,9.83,934
TOI-5205 b,TOI-5205,2023,Transit,86.45,1.6308,11.6,343.0,737
TOI-1054.01,TOI-1054,2021,Transit,88.43,15.5078,2.43,,853
TOI-1736 b,TOI-1736,2023,Transit,88.95,7.0731,3.18,12.3,1100
TOI-5704 b,TOI-5704,2023,Transit,89.64,3.7711,3.23,,949
TIC 46432937 b,TIC 46432937,2024,Transit,90.54,1.4404,13.32,1017.05,872
K2-147 b,K2-147,2018,Transit,90.55,0.9619,1.47,,1077
TOI-220 b,TOI-220,2021,Transit,90.74,10.6953,3.03,13.8,805
WASP-145 A b,WASP-145 A,2018,Transit,91.3,1.769,10.09,282.87,1200
K2-354 b,K2-354,2021,Transit,91.72,3.7933,1.56,,543
TOI-1451 b,TOI-1451,2024,Transit,91.94,16.5379,2.61,15.2,723
Kepler-1649 b,Kepler-1649,2017,Transit,92.19,8.6891,1.02,,307
Kepler-1649 c,Kepler-1649,2020,Transit,92.19,19.5353,1.06,,234
HD 118203 b,HD 118203,2005,Radial Velocity,92.26,6.135,12.78,680.15,1361
TOI-5736 b,TOI-5736,2025,Transit,92.36,0.649,1.56,,1311
TOI-2407 b,TOI-2407,2025,Transit,92.44,2.703,4.26,,705
TIC 393818343 b,TIC 393818343,2024,Transit,93.73,16.2492,12.18,1379.38,806
K2-417 b,K2-417,2023,Transit,94.04,6.535,3.31,699.22,558
HD 219666 b,HD 219666,2018,Transit,94.17,6.0345,4.9,17.6,1076
TYC 8998-760-1 c,TYC 8998-760-1,2020,Imaging,94.62,,12.33,1906.98,1240
TOI-763 b,TOI-763,2020,Transit,95.13,5.6057,2.28,9.79,1038
TOI-763 c,TOI-763,2020,Transit,95.13,12.2737,2.63,9.32,800
Kepler-93 b,Kepler-93,2014,Transit,95.91,4.7267,1.48,4.66,1133
TOI-181 b,TOI-181,2023,Transit,96.23,4.532,6.96,46.17,895
KELT-24 b,KELT-24,2019,Transit,96.52,5.5515,12.71,1458.83,1391
TOI-3493 b,TOI-3493,2025,Transit,96.72,8.1595,3.22,8.97,1102
K2-85 b,K2-85,2016,Transit,97.22,0.6845,1.4,3.2,1355
TOI-5788 b,TOI-5788,2026,Transit,97.61,6.3408,1.53,3.72,910
TOI-5788 c,TOI-5788,2026,Transit,97.61,16.2134,2.27,6.4,667
TOI-762 A b,TOI-762 A,2024,Transit,98.45,3.4717,8.34,79.77,555
K2-26 b,K2-26,2016,Transit,99.05,14.5665,2.67,,430
KELT-11 b,KELT-11,2017,Transit,99.16,4.7362,15.13,65.15,1712
HD 77946 b,HD 77946,2024,Transit,99.45,6.5274,2.9,10.9,1129
TOI-1749 b,TOI-1749,2021,Transit,99.56,2.3884,1.39,57.0,831
TOI-1749 c,TOI-1749,2021,Transit,99.56,4.4929,2.12,14.0,673
TOI-1749 d,TOI-1749,2021,Transit,99.56,9.0497,2.52,15.0,533
WASP-189 b,WASP-189,2020,Transit,99.73,2.724,18.15,632.48,3353
K2-174 b,K2-174,2018,Transit,99.93,19.5623,2.6,,455
WASP-84 b,WASP-84,2014,Transit,100.59,8.5235,10.72,220.0,732
WASP-84 c,WASP-84,2023,Transit,100.59,1.4469,1.95,15.2,1329
Qatar-6 b,Qatar-6,2017,Transit,100.85,3.5062,11.9,212.31,1006
TOI-2260 b,TOI-2260,2022,Transit,101.25,0.3525,1.62,,2609
K2-222 b,K2-222,2018,Transit,101.32,15.3889,2.28,7.5,803
K2-117 c,K2-117,2017,Transit,101.63,5.444,2.06,,537
K2-117 b,K2-117,2017,Transit,101.63,1.2916,2.03,,868
HIP 8152 b,HIP 8152,2023,Transit,101.69,10.751,2.54,8.9,795
HIP 8152 c,HIP 8152,2023,Transit,101.69,19.6056,2.52,10.7,651
TOI-5624 d,TOI-5624,2026,Transit,101.91,13.7315,3.58,4.9,713
TOI-5624 b,TOI-5624,2026,Transit,101.91,3.3903,2.31,9.4,1136
TOI-5624 c,TOI-5624,2026,Transit,101.91,7.8854,2.47,4.8,857
TOI-5624 e,TOI-5624,2026,Transit,101.91,21.4899,3.25,8.9,614
K2-229 c,K2-229,2018,Transit,102.56,8.3273,2.03,,750
K2-126 b,K2-126,2017,Transit,102.95,7.3857,1.97,,601
TOI-1752 c,TOI-1752,2026,Transit,103.02,32.7144,2.29,,291
TOI-1752 b,TOI-1752,2026,Transit,103.02,0.9352,1.69,,1036
HD 224018 b,HD 224018,2025,Radial Velocity,105.48,10.6413,0.91,4.1,968
HD 224018 c,HD 224018,2025,Transit,105.48,36.5767,2.42,10.4,641
HD 224018 d,HD 224018,2025,Transit,105.48,138.0731,2.4,4.2,411
K2-346 b,K2-346,2021,Transit,105.58,26.2014,2.26,,450
HIP 41378 b,HIP 41378,2016,Transit,106.29,15.5719,2.42,9.06,971
HIP 41378 c,HIP 41378,2016,Transit,106.29,31.7084,2.51,6.53,766
HIP 41378 d,HIP 41378,2016,Transit,106.29,278.3618,3.54,4.6,367
HIP 41378 e,HIP 41378,2016,Transit,106.29,369.0,4.92,12.0,335
HD 110113 b,HD 110113,2021,Transit,106.31,2.541,2.05,4.55,1371
TOI-1279 b,TOI-1279,2024,Transit,107.06,9.6142,2.66,10.6,759
K2-284 b,K2-284,2018,Transit,107.27,4.7951,2.78,,653
K2-199 b,K2-199,2018,Transit,107.52,3.2254,1.73,6.9,913
K2-199 c,K2-199,2018,Transit,107.52,7.3745,2.85,12.4,694
Kepler-102 f,Kepler-102,2014,Transit,107.8,27.4536,0.86,4.3,495
Kepler-102 c,Kepler-102,2014,Transit,107.8,7.0714,0.57,1.7,777
Kepler-102 b,Kepler-102,2014,Transit,107.8,5.287,0.46,1.1,857
Kepler-102 e,Kepler-102,2013,Transit,107.8,16.1457,2.17,4.7,590
Kepler-102 d,Kepler-102,2014,Transit,107.8,10.3118,1.15,3.0,686
V1298 Tau b,V1298 Tau,2019,Transit,108.2,24.14,9.41,13.1,666
V1298 Tau c,V1298 Tau,2019,Transit,108.2,8.2492,5.08,4.7,953
V1298 Tau d,V1298 Tau,2019,Transit,108.2,12.4014,6.53,6.0,831
V1298 Tau e,V1298 Tau,2019,Transit,108.2,48.6777,10.17,15.3,527
K2-152 b,K2-152,2018,Transit,108.45,32.6479,2.29,,337
Kepler-21 b,Kepler-21,2012,Transit,108.52,2.7858,1.64,7.5,2015
K2-320 b,K2-320,2020,Transit,108.74,1.995,2.62,,698
HIP 65426 b,HIP 65426,2017,Imaging,108.88,,16.81,2860.47,1500
TOI-3984 A b,TOI-3984 A,2023,Transit,108.88,4.3533,7.9,44.0,563
TOI-4308 b,TOI-4308,2023,Transit,108.93,9.1512,2.42,,763
TOI-2010 b,TOI-2010,2023,Transit,109.19,141.834,11.81,408.73,400
K2-242 b,K2-242,2018,Transit,109.24,6.5139,2.54,,416
HD 106315 b,HD 106315,2017,Transit,109.35,9.5524,2.44,12.6,1153
HD 106315 c,HD 106315,2017,Transit,109.35,21.057,4.35,15.2,886
TOI-1268 b,TOI-1268,2022,Transit,109.56,8.1577,9.1,96.4,919
K2-36 c,K2-36,2016,Transit,109.75,5.3409,3.2,7.9,854
K2-36 b,K2-36,2016,Transit,109.75,1.4226,1.43,4.3,1328
HD 80653 b,HD 80653,2020,Transit,109.86,0.7196,1.61,5.72,2463
TOI-1438 b,TOI-1438,2025,Transit,110.51,5.1397,3.04,9.4,971
TOI-1438 c,TOI-1438,2025,Transit,110.51,9.4281,2.75,10.6,794
K2-198 b,K2-198,2018,Transit,110.57,17.0429,4.19,,716
K2-198 d,K2-198,2019,Transit,110.57,7.45,2.44,,943
K2-198 c,K2-198,2019,Transit,110.57,3.3596,1.42,,1230
TOI-125 d,TOI-125,2020,Transit,111.06,19.98,2.93,13.6,638
TOI-125 c,TOI-125,2019,Transit,111.06,9.1506,2.76,6.63,828
TOI-125 b,TOI-125,2019,Transit,111.06,4.6538,2.73,9.5,1037
TOI-1669 c,TOI-1669,2024,Transit,111.28,2.6801,2.3,13.0,1285
K2-325 b,K2-325,2020,Transit,111.64,6.93,2.2,,423
K2-62 b,K2-62,2016,Transit,112.47,6.672,2.02,,666
K2-62 c,K2-62,2016,Transit,112.47,16.197,1.99,,495
K2-316 b,K2-316,2020,Transit,112.49,1.133,1.33,,841
K2-316 c,K2-316,2020,Transit,112.49,5.26,1.83,,423
TOI-3714 b,TOI-3714,2022,Transit,112.71,2.1548,11.32,222.48,750
TOI-2458 b,TOI-2458,2024,Transit,112.96,3.7366,2.83,13.31,1509
Kepler-1869 c,Kepler-1869,2023,Transit,113.03,1.7168,0.74,,1455
TOI-3082 b,TOI-3082,2023,Transit,113.05,1.9269,3.66,,1033
PDS 70 c,PDS 70,2019,Imaging,113.06,,22.19,2383.71,1054
PDS 70 b,PDS 70,2018,Imaging,113.06,,21.97,1017.05,1392
K2-277 b,K2-277,2018,Transit,113.12,6.3268,2.19,,1049
TOI-1751 b,TOI-1751,2024,Transit,113.34,37.4685,2.95,19.5,652
TOI-5938 b,TOI-5938,2026,Transit,114.04,2.2604,3.82,,1077
TOI-1135 b,TOI-1135,2024,Transit,114.05,8.0277,9.92,58.8,1171
WASP-166 b,WASP-166,2019,Transit,114.17,5.4435,7.06,32.1,1270
K2-292 b,K2-292,2019,Transit,114.29,16.9841,2.63,24.5,795
TOI-261.01,TOI-261,2021,Transit,114.5,3.3639,3.04,,1722
TOI-261.02,TOI-261,2021,Transit,114.5,13.0394,3.35,,1008
TOI-2084 b,TOI-2084,2023,Transit,114.55,6.0784,2.47,,527
TOI-1288 b,TOI-1288,2022,Transit,114.87,2.6998,4.97,44.1,1203
TOI-1883 b,TOI-1883,2024,Transit,115.37,4.5064,5.65,,525
TOI-1346 b,TOI-1346,2025,Transit,115.45,1.7623,2.39,,1324
TOI-1346 c,TOI-1346,2025,Transit,115.45,5.5026,2.23,,928
K2-216 b,K2-216,2018,Transit,115.46,2.1748,1.75,8.0,1103
TOI-519 b,TOI-519,2021,Transit,115.56,1.2652,11.55,147.15,687
WASP-59 b,WASP-59,2012,Transit,115.94,7.9196,8.69,274.28,670
K2-110 b,K2-110,2017,Transit,116.47,13.8638,2.59,15.9,638
TOI-2180 b,TOI-2180,2022,Transit,116.69,260.79,11.32,875.62,348
WASP-140 b,WASP-140,2016,Transit,117.6,,14.24,,1270
TOI-6034 b,TOI-6034,2024,Transit,117.99,2.5762,11.92,254.0,714
K2-323 b,K2-323,2020,Transit,118.32,24.93,2.1,,318
TOI-1803 c,TOI-1803,2025,Transit,119.24,12.8858,4.29,8.0,588
TOI-1803 b,TOI-1803,2025,Transit,119.24,6.2933,2.99,10.32,747
K2-416 b,K2-416,2023,Transit,120.31,13.102,2.66,1652.71,447
NGTS-34 b,NGTS-34,2025,Transit,120.48,43.1266,3.65,19.1,624
TOI-4465 b,TOI-4465,2025,Transit,121.14,101.9405,14.01,1872.01,427
TOI-1472 c,TOI-1472,2025,Radial Velocity,121.84,15.5382,3.33,21.13,662
TOI-1472 b,TOI-1472,2024,Transit,121.84,6.3634,4.06,18.05,891
WASP-33 b,WASP-33,2010,Transit,121.94,1.2199,17.86,665.22,2782
EPIC 229004835 b,EPIC 229004835,2023,Transit,121.97,16.1411,2.33,10.4,804
WASP-156 b,WASP-156,2017,Transit,122.07,3.8362,6.03,41.8,934
TIC 88785435 b,TIC 88785435,2025,Transit,122.39,10.5088,5.03,,635
WASP-132 b,WASP-132,2016,Transit,122.91,7.1335,10.1,136.03,682
WASP-132 c,WASP-132,2022,Transit,122.91,1.0115,1.84,6.26,1329
K2-332 b,K2-332,2021,Transit,123.2,17.7063,2.2,,266
TOI-622 b,TOI-622,2023,Transit,123.3,6.4025,9.24,96.3,1388
K2-322 b,K2-322,2020,Transit,123.42,8.205,1.92,,635
K2-275 b,K2-275,2018,Transit,123.44,3.281,2.34,,1166
K2-275 c,K2-275,2018,Transit,123.44,8.4388,2.21,,653
WASP-18 b,WASP-18,2009,Transit,123.48,0.9415,13.9,3241.85,2429
TOI-451 d,TOI-451,2020,Transit,123.74,16.365,3.93,10.2,714
TOI-451 b,TOI-451,2020,Transit,123.74,1.8587,1.84,4.7,1474
TOI-451 c,TOI-451,2020,Transit,123.74,9.1925,2.93,3.7,865
Kepler-78 b,Kepler-78,2013,Transit,124.38,0.355,1.2,1.68,2223
K2-162 b,K2-162,2018,Transit,124.43,9.4589,1.44,,631
TOI-1694 b,TOI-1694,2023,Transit,124.68,3.7701,5.34,31.3,943
K2-17 b,K2-17,2015,Transit,125.11,17.9675,2.23,,487
TOI-1444 b,TOI-1444,2021,Transit,125.46,0.4703,1.42,3.58,2130
TOI-7149 b,TOI-7149,2025,Transit,126.13,2.6521,13.2,224.0,593
KELT-23 A b,KELT-23 A,2019,Transit,126.26,2.2553,14.83,298.12,1561
TOI-2295 b,TOI-2295,2024,Transit,126.28,30.0333,16.48,278.1,747
TOI-2088 b,TOI-2088,2024,Transit,126.46,124.73,3.68,37.0,300
HIP 67522 b,HIP 67522,2020,Transit,127.28,6.9595,9.99,,1175
HIP 67522 c,HIP 67522,2024,Transit,127.28,14.3349,7.94,,917
HATS-72 b,HATS-72,2020,Transit,127.59,7.3279,8.1,39.86,739
TOI-1811 b,TOI-1811,2023,Transit,128.23,3.7131,11.14,308.93,962
TOI-1899 b,TOI-1899,2020,Transit,128.44,29.0903,11.1,212.95,378
K2-154 b,K2-154,2018,Transit,129.36,3.6763,1.99,,715
K2-154 c,K2-154,2018,Transit,129.36,7.9549,2.07,,552
K2-228 b,K2-228,2018,Transit,129.46,2.6983,1.21,,914
TOI-1052 b,TOI-1052,2023,Transit,129.8,9.1397,2.87,16.9,1135
TOI-3629 b,TOI-3629,2022,Transit,130.09,3.9366,8.29,82.64,690
TOI-470 b,TOI-470,2023,Transit,130.46,12.1915,4.34,,660
K2-232 b,K2-232,2018,Transit,130.72,11.1685,11.21,126.5,1030
TOI-5398 b,TOI-5398,2022,Transit,130.85,10.5905,10.3,58.7,947
TOI-5398 c,TOI-5398,2023,Transit,130.85,4.7727,3.52,11.8,1242
TOI-5108 b,TOI-5108,2025,Transit,130.92,6.7536,6.6,32.0,1180
TOI-707 b,TOI-707,2026,Transit,130.96,52.7992,2.42,,492
TOI-4495 b,TOI-4495,2026,Transit,132.21,2.567,2.48,7.7,1735
TOI-4495 c,TOI-4495,2024,Transit,132.21,5.1855,4.03,23.2,1365
TOI-1173 b,TOI-1173,2024,Transit,132.35,7.0647,9.19,27.4,868
HD 89345 b,HD 89345,2018,Transit,132.35,11.8143,7.4,34.96,1089
TOI-6223 b,TOI-6223,2025,Transit,133.12,3.8552,5.07,,714
K2-90 b,K2-90,2016,Transit,134.19,13.7333,2.6,,502
TOI-2374 b,TOI-2374,2024,Transit,134.66,4.3136,7.49,61.66,926
WISPIT 2 c,WISPIT 2,2026,Imaging,134.91,,17.93,3178.28,2050
TOI-4311 b,TOI-4311,2026,Transit,134.99,0.9903,1.38,4.5,1664
TOI-4311 c,TOI-4311,2026,Transit,134.99,15.0704,2.47,13.58,671
TOI-532 b,TOI-532,2021,Transit,135.05,2.3267,5.82,61.5,867
KELT-20 b,KELT-20,2017,Transit,136.43,3.4741,19.51,1074.9,2262
K2-324 b,K2-324,2020,Transit,136.67,3.262,2.43,,707
TOI-1272 b,TOI-1272,2022,Transit,137.57,3.316,4.13,27.0,975
K2-53 b,K2-53,2016,Transit,138.02,12.2077,2.6,,665
TOI-5344 b,TOI-5344,2023,Transit,138.37,3.7926,10.6,130.95,689
TOI-1221 b,TOI-1221,2023,Transit,138.41,91.6828,2.91,1112.4,440
K2-265 b,K2-265,2018,Transit,138.67,2.369,1.71,7.34,1366
TOI-6330 b,TOI-6330,2025,Transit,139.04,6.85,10.89,3179.0,495
TOI-1249 b,TOI-1249,2024,Transit,139.49,13.0792,3.27,11.9,727
HD 28109 b,HD 28109,2022,Transit,139.61,22.8911,2.69,6.2,867
HD 28109 c,HD 28109,2022,Transit,139.61,55.9971,4.13,9.2,643
HD 28109 d,HD 28109,2022,Transit,139.61,84.2899,3.11,5.8,561
HATS-71 b,HATS-71,2020,Transit,140.23,3.7955,11.48,117.6,587
K2-124 b,K2-124,2017,Transit,140.39,6.4137,2.9,,442
WASP-10 b,WASP-10,2008,Transit,141.0,3.0928,12.11,1001.12,1370
HD 135344 A b,HD 135344 A,2025,Imaging,141.6,,16.25,3178.28,1585
K2-77 b,K2-77,2016,Transit,141.73,8.2001,2.5,,806
WASP-85 A b,WASP-85 A,2016,Transit,141.89,2.6557,13.9,402.05,1452
TOI-837 b,TOI-837,2020,Transit,142.49,8.3249,9.17,120.46,995
HAT-P-12 b,HAT-P-12,2009,Transit,142.75,3.2131,10.75,67.06,963
TOI-669 b,TOI-669,2023,Transit,142.87,3.9452,2.59,10.0,1125
K2-153 b,K2-153,2018,Transit,143.13,7.5157,2.0,,497
TOI-1230.01,TOI-1230,2021,Transit,143.14,25.0571,3.24,,689
HAT-P-54 b,HAT-P-54,2015,Transit,143.65,3.7998,10.58,241.55,818
Kepler-68 c,Kepler-68,2013,Transit,144.17,9.605,0.98,1.3,1052
Kepler-68 b,Kepler-68,2013,Transit,144.17,5.3988,2.36,8.03,1275
TOI-1386 b,TOI-1386,2024,Transit,146.86,25.8401,6.22,45.8,615
K2-251 b,K2-251,2018,Transit,147.03,9.3008,2.35,,437
TOI-1347 b,TOI-1347,2024,Transit,147.48,0.8474,1.8,11.1,1400
TOI-1347 c,TOI-1347,2024,Transit,147.48,4.842,1.6,6.4,1000
K2-318 b,K2-318,2020,Transit,147.87,7.01,1.66,,456
TOI-530 b,TOI-530,2021,Transit,148.76,6.3876,9.3,127.13,565
TOI-1431 b,TOI-1431,2021,Transit,148.93,2.6502,16.7,991.62,2370
TOI-2447 b,TOI-2447,2024,Transit,148.99,69.3368,9.61,124.91,414
TOI-1775 b,TOI-1775,2024,Transit,149.23,10.2406,8.05,96.0,708
K2-241 b,K2-241,2018,Transit,149.46,26.8199,2.55,,507
TOI-1194 b,TOI-1194,2023,Transit,149.67,2.3106,8.72,120.0,1264
WASP-91 b,WASP-91,2017,Transit,149.94,2.7986,11.55,425.89,1160
GQ Lup b,GQ Lup,2004,Imaging,151.17,,33.6,6356.0,2650
TOI-6303 b,TOI-6303,2025,Transit,152.22,9.4852,11.59,2493.0,541
K2-131 b,K2-131,2017,Transit,152.51,0.3693,1.69,7.9,2223
WASP-2 b,WASP-2,2007,Transit,153.24,2.1522,12.12,295.9,1311
Kepler-411 d,Kepler-411,2018,Transit,153.68,58.0204,3.32,15.2,410
Kepler-411 b,Kepler-411,2013,Transit,153.68,3.0052,2.4,25.6,1138
Kepler-411 c,Kepler-411,2016,Transit,153.68,7.8344,4.42,26.4,838
K2-139 b,K2-139,2017,Transit,153.86,28.3806,9.11,,524
TOI-3486 b,TOI-3486,2025,Transit,154.72,2.2178,10.57,99.16,1190
TOI-4666 b,TOI-4666,2025,Transit,154.75,2.9089,12.53,155.42,695
K2-182 b,K2-182,2018,Transit,154.83,4.737,2.71,20.98,966
K2-285 b,K2-285,2018,Transit,154.96,3.4717,2.59,9.68,1089
K2-285 d,K2-285,2018,Transit,154.96,10.4558,2.48,6.5,620
K2-285 e,K2-285,2018,Transit,154.96,14.7629,1.95,10.7,501
K2-285 c,K2-285,2018,Transit,154.96,7.138,3.53,15.68,741
TOI-1422 b,TOI-1422,2022,Transit,155.14,12.9989,3.83,9.5,870
TOI-1422 c,TOI-1422,2025,Radial Velocity,155.14,34.5633,2.61,14.0,628
HD 137496 b,HD 137496,2021,Transit,155.32,1.6212,1.31,4.04,2130
TOI-1794 b,TOI-1794,2024,Transit,155.79,8.7655,3.3,8.7,993
Kepler-538 b,Kepler-538,2016,Transit,155.96,81.7378,2.22,12.9,417
TOI-5795 b,TOI-5795,2025,Transit,156.53,6.1406,5.62,23.66,1137
TOI-2449 b,TOI-2449,2025,Transit,156.79,106.1447,11.24,222.0,400
K2-338 b,K2-338,2021,Transit,156.95,3.8506,1.03,,783
K2-32 c,K2-32,2016,Transit,157.68,20.6609,3.13,8.1,634
K2-32 d,K2-32,2016,Transit,157.68,31.717,3.48,6.7,550
K2-32 e,K2-32,2019,Transit,157.68,4.3493,1.21,2.1,1066
K2-32 b,K2-32,2016,Transit,157.68,8.992,5.3,15.0,837
K2-287 b,K2-287,2018,Transit,158.34,14.8933,9.49,100.12,804
TOI-905 b,TOI-905,2020,Transit,158.65,3.7395,13.13,211.99,1192
HAT-P-1 b,HAT-P-1,2006,Transit,158.98,4.4653,14.78,166.86,1322
IRAS 04125+2902 b,IRAS 04125+2902,2024,Transit,159.24,8.835,10.74,,854
K2-55 b,K2-55,2016,Transit,159.52,2.8493,4.43,44.0,900
K2-330 b,K2-330,2021,Transit,160.13,13.7748,2.77,,969
TOI-5126 c,TOI-5126,2023,Transit,160.41,17.8999,3.86,,971
TOI-5126 b,TOI-5126,2023,Transit,160.41,5.4588,4.74,,1442
HAT-P-18 b,HAT-P-18,2010,Transit,161.4,5.508,11.15,62.61,852
HD 202772 A b,HD 202772 A,2019,Transit,161.5,3.3089,18.24,323.55,2181
K2-123 b,K2-123,2017,Transit,161.56,30.9515,2.76,,338
TOI-778 b,TOI-778,2023,Transit,161.74,4.6336,15.4,878.0,1561
TOI-5293 A b,TOI-5293 A,2023,Transit,162.23,2.9303,11.9,170.4,675
WASP-7 b,WASP-7,2008,Transit,162.3,4.9546,14.91,305.12,1487
K2-345 b,K2-345,2021,Transit,162.41,10.3674,2.11,,437
K2-263 b,K2-263,2018,Transit,162.48,50.8192,2.51,15.4,482
TOI-5300 b,TOI-5300,2025,Transit,162.51,2.2622,9.86,190.7,1043
TOI-132 b,TOI-132,2020,Transit,163.68,2.1097,3.42,22.4,1395
TOI-2969 b,TOI-2969,2025,Transit,164.0,1.8237,12.33,368.68,1186
TOI-1853 b,TOI-1853,2023,Transit,165.11,1.2436,3.46,73.2,1479
TOI-5678 b,TOI-5678,2023,Transit,165.39,47.7302,4.91,20.0,513
K2-203 b,K2-203,2018,Transit,166.15,9.6952,1.27,,738
K2-343 c,K2-343,2021,Transit,166.17,7.677,2.02,,465
K2-343 b,K2-343,2021,Transit,166.17,2.7872,1.65,,653
TOI-1117 b,TOI-1117,2025,Transit,167.6,2.2282,2.46,8.9,1538
TOI-1670 c,TOI-1670,2022,Transit,168.07,40.7498,11.06,200.23,684
TOI-1670 b,TOI-1670,2022,Transit,168.07,10.9846,2.06,41.32,1062
TOI-1248 b,TOI-1248,2024,Transit,168.74,4.3602,6.81,27.4,952
WASP-105 b,WASP-105,2017,Transit,169.27,7.8729,10.76,572.09,900
HATS-6 b,HATS-6,2015,Transit,169.32,3.3253,11.19,101.39,713
K2-121 b,K2-121,2017,Transit,169.4,5.1857,7.16,51.0,716
TOI-1246 b,TOI-1246,2022,Transit,169.42,4.3074,3.01,8.1,955
TOI-1246 e,TOI-1246,2022,Transit,169.42,37.9255,3.51,14.5,464
TOI-1246 c,TOI-1246,2022,Transit,169.42,5.9041,2.45,9.1,862
TOI-1246 d,TOI-1246,2022,Transit,169.42,18.6549,3.43,5.4,588
MASCARA-4 b,MASCARA-4,2020,Transit,170.7,2.8241,16.98,532.36,2250
K2-159 b,K2-159,2018,Transit,171.0,12.4221,2.26,,684
TOI-6383 A b,TOI-6383 A,2024,Transit,171.32,1.7906,11.29,331.0,745
TOI-1269 b,TOI-1269,2024,Transit,172.14,4.253,2.4,6.4,1005
KOI-4777.01,KOI-4777,2022,Transit,172.25,0.412,0.51,99.2,1180
WASP-130 b,WASP-130,2016,Transit,172.26,11.551,9.98,390.93,833
TOI-4463 A b,TOI-4463 A,2023,Transit,173.12,2.8807,13.26,252.36,1395
WASP-52 b,WASP-52,2012,Transit,174.82,1.7498,14.24,146.2,1315
K2-54 b,K2-54,2016,Transit,174.96,9.7833,2.61,,560
TOI-2000 b,TOI-2000,2023,Transit,175.71,3.0983,2.7,11.0,1488
TOI-2000 c,TOI-2000,2023,Transit,175.71,9.1271,8.14,81.7,1038
TOI-908 b,TOI-908,2023,Transit,175.75,3.1838,3.19,16.14,1317
K2-352 b,K2-352,2021,Transit,176.05,3.6659,1.37,,1160
K2-352 d,K2-352,2021,Transit,176.05,14.8714,2.23,,727
K2-352 c,K2-352,2021,Transit,176.05,8.2349,1.92,,885
K2-317 b,K2-317,2020,Transit,176.29,6.22,2.93,,432
TOI-3693 b,TOI-3693,2022,Transit,176.44,9.0885,12.6,324.18,801
WASP-177 b,WASP-177,2019,Transit,176.82,3.0717,17.71,161.46,1142
TOI-1855 b,TOI-1855,2024,Transit,176.83,1.3641,18.49,360.1,1701
TOI-1273 b,TOI-1273,2024,Transit,177.12,4.6313,11.1,70.56,1211
WASP-42 b,WASP-42,2012,Transit,177.29,4.9817,12.58,167.5,1021
TOI-4010 b,TOI-4010,2023,Transit,177.5,1.3483,3.02,11.0,1441
TOI-4010 c,TOI-4010,2023,Transit,177.5,5.4147,5.93,20.31,907
TOI-4010 d,TOI-4010,2023,Transit,177.5,14.7089,6.18,38.15,650
K2-29 b,K2-29,2016,Transit,178.48,3.2588,13.34,232.02,1171
TOI-628 b,TOI-628,2021,Transit,178.68,3.4096,11.88,2011.86,1586
TOI-6038 A b,TOI-6038 A,2025,Transit,179.15,5.8267,6.41,78.5,1439
TOI-481 b,TOI-481,2020,Transit,179.37,10.3311,11.1,486.28,1370
K2-95 b,K2-95,2016,Transit,179.85,10.1346,3.31,,474
K2-37 c,K2-37,2016,Transit,179.94,6.4297,2.41,,839
K2-37 d,K2-37,2016,Transit,179.94,14.0923,2.31,12.5,646
K2-37 b,K2-37,2016,Transit,179.94,4.4434,1.39,,949
TOI-3757 b,TOI-3757,2022,Transit,181.14,3.4388,12.0,85.3,759
Qatar-2 b,Qatar-2,2011,Transit,181.37,1.3371,14.06,792.64,1344
EPIC 211945201 b,EPIC 211945201,2018,Transit,181.69,19.4922,5.76,,817
MASCARA-1 b,MASCARA-1,2017,Transit,182.27,2.1488,17.9,,2594
K2-43 c,K2-43,2019,Transit,182.54,2.1989,2.42,,1094
K2-43 b,K2-43,2016,Transit,182.54,3.4711,4.51,,939
K2-279 b,K2-279,2018,Transit,182.98,7.1226,1.21,,879
NGTS-35 b,NGTS-35,2025,Transit,183.08,25.2412,10.9,152.0,451
TOI-7009 b,TOI-7009,2026,Transit,184.12,2.3207,3.71,,872
WASP-50 b,WASP-50,2011,Transit,184.85,1.9551,13.07,466.83,1395
TOI-2537 b,TOI-2537,2024,Transit,184.99,94.1022,11.25,415.4,338
Kepler-10 c,Kepler-10,2011,Transit,185.51,45.2943,2.36,11.29,579
Kepler-10 b,Kepler-10,2011,Transit,185.51,0.8375,1.47,3.24,2188
K2-264 b,K2-264,2018,Transit,185.61,5.84,2.23,,496
K2-264 c,K2-264,2018,Transit,185.61,19.6603,2.67,,331
Qatar-1 b,Qatar-1,2010,Transit,185.62,1.42,12.81,411.27,1418
WASP-104 b,WASP-104,2014,Transit,185.93,1.7554,12.75,404.26,1516
EPIC 211822797 b,EPIC 211822797,2016,Transit,186.2,21.1702,1.92,,431
TOI-5573 b,TOI-5573,2025,Transit,186.56,8.7976,9.75,112.0,528
K2-101 b,K2-101,2016,Transit,188.33,14.6762,2.0,,618
TOI-5349 b,TOI-5349,2026,Transit,188.34,3.3179,10.2,127.4,719
KELT-10 b,KELT-10,2016,Transit,188.4,4.1663,15.68,215.81,1377
K2-100 b,K2-100,2016,Transit,188.96,1.6739,3.88,21.8,1841
TOI-4201 b,TOI-4201,2023,Transit,189.01,3.5819,13.67,788.21,725
K2-104 b,K2-104,2016,Transit,189.29,1.9742,1.79,,798
TIC 139270665 b,TIC 139270665,2024,Transit,189.88,23.624,7.23,147.15,703
NGTS-11 b,NGTS-11,2020,Transit,190.42,35.4553,9.16,109.33,435
CT Cha b,CT Cha,2007,Imaging,190.72,,24.66,5403.0,2600
TOI-2384 b,TOI-2384,2024,Transit,191.51,2.1357,11.49,624.85,890
K2-255 b,K2-255,2018,Transit,191.61,1.9642,2.9,,1034
TOI-1836 c,TOI-1836,2024,Transit,191.65,1.7727,2.6,8.0,2008
TOI-1836 b,TOI-1836,2024,Transit,191.65,20.3808,8.0,38.46,966
TOI-5786 b,TOI-5786,2025,Transit,192.48,12.7791,8.54,73.0,1040
K2-38 b,K2-38,2016,Transit,192.69,4.0159,1.54,7.3,1266
K2-38 c,K2-38,2016,Transit,192.69,10.561,2.29,8.3,916
TOI-4515 b,TOI-4515,2024,Transit,193.5,15.2664,12.17,637.0,705
WASP-76 b,WASP-76,2016,Transit,194.46,1.8099,20.78,284.14,2228
Kepler-22 b,Kepler-22,2011,Transit,194.64,289.8639,2.1,9.1,279
HATS-75 b,HATS-75,2021,Transit,194.96,2.7887,9.91,156.05,772
TOI-2989 b,TOI-2989,2025,Transit,195.8,3.1228,12.55,953.49,1001
HD 2685 b,HD 2685,2019,Transit,196.85,4.1269,16.14,371.86,2061
WASP-6 b,WASP-6,2009,Transit,197.12,3.361,12.54,148.43,1167
K2-158 b,K2-158,2018,Transit,197.3,10.0605,2.64,,794
K2-158 c,K2-158,2018,Transit,197.3,5.9028,1.28,,948
TOI-3568 b,TOI-3568,2024,Transit,197.91,4.418,5.3,26.4,899
K2-105 b,K2-105,2017,Transit,197.99,8.2673,3.4,15.4,805
WASP-123 b,WASP-123,2016,Transit,198.0,,15.13,,1500
TOI-2019 b,TOI-2019,2024,Transit,198.01,15.3444,5.33,34.4,917
TOI-2158 b,TOI-2158,2022,Transit,198.47,8.6008,10.76,260.62,1188
TOI-564 b,TOI-564,2020,Transit,199.58,1.6511,11.43,464.99,1714
TOI-5916 b,TOI-5916,2026,Transit,199.72,2.3671,11.35,226.61,683
TOI-2589 b,TOI-2589,2023,Transit,200.27,61.6277,12.11,1112.4,592
K2-111 b,K2-111,2017,Transit,200.39,5.3519,1.84,5.35,1293
TOI-1333 b,TOI-1333,2021,Transit,200.49,4.7202,15.65,753.26,1679
TOI-3288 b,TOI-3288,2025,Transit,200.5,1.4339,12.24,536.18,973
WASP-53 b,WASP-53,2017,Transit,201.34,3.3098,12.04,677.61,1053
K2-348 b,K2-348,2021,Transit,201.86,4.6884,3.26,,908
K2-348 c,K2-348,2021,Transit,201.86,12.5502,2.67,,655
TOI-1420 b,TOI-1420,2023,Transit,201.92,6.9561,11.89,25.1,957
HAT-P-19 b,HAT-P-19,2010,Transit,202.08,4.0088,11.3,88.04,981
HAT-P-68 b,HAT-P-68,2020,Transit,202.15,2.2984,12.02,230.11,1028
K2-5 b,K2-5,2015,Transit,202.94,5.7359,1.91,,565
K2-5 c,K2-5,2015,Transit,202.94,10.9324,2.26,,456
TOI-5007 b,TOI-5007,2026,Transit,203.35,2.5434,11.07,211.04,774
K2-180 b,K2-180,2018,Transit,203.9,8.8657,2.47,11.41,798
TOI-5027 b,TOI-5027,2025,Transit,204.43,10.2437,10.76,642.01,1056
KELT-9 b,KELT-9,2017,Transit,204.46,1.4811,21.2,915.35,4050
TOI-4145 A b,TOI-4145 A,2023,Transit,205.39,4.0664,13.31,136.67,1074
TOI-5005 b,TOI-5005,2024,Transit,207.89,6.3085,6.25,32.7,1040
K2-342 b,K2-342,2021,Transit,208.36,11.5611,2.03,,861
K2-319 b,K2-319,2020,Transit,209.07,26.68,2.79,,641
TOI-2368 b,TOI-2368,2024,Transit,210.92,5.175,10.84,206.59,1000
WASP-45 b,WASP-45,2011,Transit,211.2,3.1261,10.6,306.39,1153
TOI-2379 b,TOI-2379,2024,Transit,211.25,5.4694,11.72,1830.69,624
K2-226 b,K2-226,2018,Transit,211.27,3.2711,1.54,,1187
WASP-25 b,WASP-25,2010,Transit,211.42,3.7648,13.81,179.26,1217
K2-331 c,K2-331,2021,Transit,211.43,22.9966,2.72,,673
K2-331 b,K2-331,2021,Transit,211.43,9.399,1.79,,909
WASP-149 b,WASP-149,2025,Transit,211.73,1.3328,15.24,314.97,1855
WASP-20 b,WASP-20,2015,Transit,211.88,,15.47,,1362
HATS-37 A b,HATS-37 A,2020,Transit,211.9,4.3315,6.79,31.47,1085
TOI-6651 b,TOI-6651,2024,Transit,212.13,5.057,5.09,61.0,1493
WASP-139 b,WASP-139,2016,Transit,212.47,5.9243,8.97,37.19,910
K2-244 b,K2-244,2018,Transit,212.9,21.0688,1.75,,638
XO-3 b,XO-3,2007,Transit,213.05,3.1915,14.8,4217.58,1890
TOI-4961 b,TOI-4961,2025,Transit,213.07,7.4792,12.34,572.09,919
Kepler-1655 b,Kepler-1655,2018,Transit,213.26,11.8729,2.21,5.4,938
K2-261 b,K2-261,2018,Transit,213.28,11.6335,9.27,68.97,1036
Qatar-9 b,Qatar-9,2019,Transit,213.77,1.5407,11.31,378.22,1134
WASP-39 b,WASP-39,2011,Transit,213.98,4.0553,14.34,89.31,1166
WASP-154 b,WASP-154,2025,Transit,215.5,3.8117,10.76,198.96,994
TOI-4600 b,TOI-4600,2023,Transit,216.06,82.6869,6.8,959.84,347
TOI-4600 c,TOI-4600,2023,Transit,216.06,482.8191,9.42,2946.27,191
TIC 434398831 c,TIC 434398831,2025,Transit,217.01,6.2103,5.63,,1050
TIC 434398831 b,TIC 434398831,2025,Transit,217.01,3.6855,3.51,,1250
TOI-3331 A b,TOI-3331 A,2022,Transit,217.19,2.018,12.98,721.47,1488
KELT-4 A b,KELT-4 A,2016,Transit,218.05,2.9896,19.04,286.68,1823
NGTS-1 b,NGTS-1,2017,Transit,218.12,2.6473,14.91,258.08,790
Kepler-19 b,Kepler-19,2011,Transit,218.56,9.287,2.21,6.1,851
TOI-2364 b,TOI-2364,2023,Transit,219.61,4.0198,8.61,71.51,1091
TOI-6130 b,TOI-6130,2024,Transit,220.88,2.3927,14.35,333.72,1750
TOI-3135 b,TOI-3135,2025,Transit,221.67,3.7066,13.65,327.36,1292
K2-192 b,K2-192,2018,Transit,221.75,4.1628,1.52,,939
WASP-70 A b,WASP-70 A,2014,Transit,222.36,3.713,13.05,187.51,1387
TOI-332 b,TOI-332,2023,Transit,222.85,0.777,3.2,57.2,1871
TOI-1842 b,TOI-1842,2021,Transit,223.47,9.5739,12.35,89.4,1200
TOI-4603 b,TOI-4603,2023,Transit,225.64,7.246,11.68,4096.81,1677
TOI-2876 b,TOI-2876,2025,Transit,225.74,6.2996,9.64,54.03,929
TOI-1518 b,TOI-1518,2021,Transit,225.89,1.9026,21.05,581.63,2546
TOI-5688 A b,TOI-5688 A,2024,Transit,226.32,2.9482,10.3,124.0,742
KELT-17 b,KELT-17,2016,Transit,226.5,3.0802,17.09,416.36,2087
TOI-3593 b,TOI-3593,2025,Transit,226.63,3.8213,11.03,565.73,1170
HAT-P-16 b,HAT-P-16,2010,Transit,226.64,,14.68,,1566
TOI-1753 b,TOI-1753,2024,Transit,226.67,5.3846,2.48,16.6,1005
K2-254 b,K2-254,2018,Transit,227.78,4.0964,1.63,,791
K2-254 c,K2-254,2018,Transit,227.78,12.1184,2.19,,551
K2-274 b,K2-274,2018,Transit,228.33,14.133,2.08,,655
K2-252 b,K2-252,2018,Transit,228.84,13.8151,1.74,,639
TOI-1789 b,TOI-1789,2021,Transit,229.07,3.2087,16.14,222.48,1927
HATS-22 b,HATS-22,2017,Transit,229.52,4.7228,10.68,870.85,858
TOI-1439 b,TOI-1439,2024,Transit,230.31,27.644,4.24,38.5,748
Kepler-454 b,Kepler-454,2015,Transit,230.87,10.5738,2.37,5.4,916
TOI-2328 b,TOI-2328,2025,Transit,231.78,17.102,9.98,50.85,842
EPIC 201595106 b,EPIC 201595106,2021,Transit,232.1,0.8772,1.57,7.67,2038
K2-295 b,K2-295,2018,Transit,232.8,4.0249,10.05,106.47,852
WASP-173 A b,WASP-173 A,2018,Transit,232.98,1.3867,13.45,1172.79,1880
HAT-P-60 b,HAT-P-60,2021,Transit,233.22,4.7948,18.28,182.43,1772
K2-329 b,K2-329,2020,Transit,233.24,12.4551,8.68,82.64,650
TOI-559 b,TOI-559,2021,Transit,233.27,6.9839,12.23,1910.15,1180
K2-220 b,K2-220,2018,Transit,233.51,13.6819,2.37,,761
XO-7 b,XO-7,2019,Transit,234.15,2.8641,15.39,225.34,1743
XO-6 b,XO-6,2016,Transit,235.48,3.765,23.2,1398.45,1577
TOI-2107 b,TOI-2107,2024,Transit,236.71,2.4545,13.57,263.8,1397
NGTS-30 b,NGTS-30,2024,Transit,238.38,98.2984,10.4,305.12,500
TOI-954 b,TOI-954,2020,Transit,238.77,3.685,9.55,55.3,1526
K2-336 b,K2-336,2021,Transit,239.29,21.1947,1.22,,569
HATS-7 b,HATS-7,2015,Transit,240.71,3.1853,6.31,38.14,1084
TOI-4155 b,TOI-4155,2025,Transit,240.74,3.3207,3.21,,1255
Kepler-1994 b,Kepler-1994,2023,Transit,241.99,4.6123,0.51,,1032
K2-189 b,K2-189,2018,Transit,242.11,2.5881,1.4,,1203
K2-189 c,K2-189,2018,Transit,242.11,6.6793,2.31,,877
EPIC 205950854 c,K2-168,2019,Transit,243.94,8.0507,1.31,,961
K2-168 b,K2-168,2018,Transit,243.94,15.8523,1.86,,766
EPIC 220674823 b,EPIC 220674823,2016,Transit,244.59,0.5713,1.61,7.54,2324
EPIC 220674823 c,EPIC 220674823,2016,Transit,244.59,13.3406,2.71,7.9,838
HATS-5 b,HATS-5,2014,Transit,246.38,4.7634,10.22,75.32,1025
WASP-79 b,WASP-79,2012,Transit,246.69,3.6624,17.15,270.15,1716
K2-197 b,K2-197,2018,Transit,247.64,8.3579,2.56,,848
TOI-1199 b,TOI-1199,2024,Transit,248.43,3.6715,10.51,75.96,1486
HATS-33 b,HATS-33,2016,Transit,248.46,2.5496,13.79,378.85,1429
TOI-1820 b,TOI-1820,2022,Transit,248.5,4.8607,12.78,731.01,1375
TOI-7510 b,TOI-7510,2025,Transit,249.01,11.5309,7.31,18.1,878
TOI-7510 c,TOI-7510,2025,Transit,249.01,22.5687,10.81,131.0,702
TOI-7510 d,TOI-7510,2025,Transit,249.01,48.8645,10.52,190.0,542
TOI-3862 b,TOI-3862,2026,Transit,249.02,1.5575,5.53,53.7,1539
K2-27 b,K2-27,2016,Transit,249.65,6.7713,4.74,30.2,836
KELT-14 b,KELT-14,2016,Transit,250.12,1.7101,19.54,408.09,1970
TOI-858 B b,TOI-858 B,2023,Transit,250.49,3.2797,14.07,349.61,1529
KOI-984 b,KOI-984,2022,Transit,252.67,4.2882,4.3,,1022
TIC 4672985 b,TIC 4672985,2024,Transit,253.39,69.048,11.5,4049.13,517
WASP-180 A b,WASP-180 A,2019,Transit,253.99,3.4093,13.9,286.05,1540
HAT-P-38 b,HAT-P-38,2012,Transit,255.21,4.6404,9.25,84.86,1082
K2-79 b,K2-79,2016,Transit,256.01,10.995,4.15,5.9,1033
K2-208 b,K2-208,2018,Transit,256.89,4.191,1.67,,1122
K2-247 b,K2-247,2018,Transit,258.11,2.2502,2.12,,979
K2-247 c,K2-247,2018,Transit,258.11,6.4942,2.19,,688
WASP-108 b,WASP-108,2020,Transit,258.78,,15.13,,1589
K2-389 b,K2-389,2022,Transit,259.21,8.5829,2.33,,932
Kepler-1876 b,Kepler-1876,2021,Transit,259.94,6.9921,0.85,2.4,1299
TOI-2196 b,TOI-2196,2022,Transit,259.95,1.1947,3.51,26.0,1860
WASP-163 b,WASP-163,2018,Transit,261.39,1.6097,13.47,594.34,1638
TOI-4406 b,TOI-4406,2023,Transit,261.83,30.0836,11.21,95.35,904
TOI-2109 b,TOI-2109,2021,Transit,262.04,0.6725,15.1,1595.5,3646
KPS-1 b,KPS-1,2018,Transit,262.71,1.7063,11.55,346.43,1459
TOI-813 b,TOI-813,2020,Transit,263.15,83.8911,6.71,,610
HATS-48 A b,HATS-48 A,2020,Transit,263.61,3.1317,8.97,77.23,955
K2-57 b,K2-57,2016,Transit,264.21,9.0073,2.31,,636
HAT-P-59 b,HAT-P-59,2021,Transit,265.47,4.142,12.59,489.46,1278
K2-243 c,K2-243,2018,Transit,266.86,24.946,2.01,,801
K2-243 b,K2-243,2018,Transit,266.86,11.5418,2.17,,1035
WASP-4 b,WASP-4,2007,Transit,267.21,1.3382,15.12,381.39,1653
WASP-19 b,WASP-19,2009,Transit,268.33,0.7888,15.86,366.77,2113
K2-185 c,K2-185,2018,Transit,268.36,52.7135,2.39,,477
K2-185 b,K2-185,2018,Transit,268.36,10.6164,1.15,,809
K2-353 b,K2-353,2021,Transit,268.52,15.4668,5.55,,735
K2-419 A b,K2-419 A,2024,Transit,268.69,20.3585,10.55,196.0,377
K2-73 b,K2-73,2016,Transit,269.18,7.4956,2.58,9.2,968
WASP-121 b,WASP-121,2016,Transit,269.9,1.2749,19.53,371.86,2409
WASP-83 b,WASP-83,2015,Transit,271.1,4.9713,11.66,95.35,1120
HD 56414 b,HD 56414,2022,Transit,272.22,29.0499,3.71,,1133
K2-211 b,K2-211,2018,Transit,272.3,0.6696,1.33,,1873
K2-10 b,K2-10,2015,Transit,272.36,19.3055,3.77,25.2,649
K2-290 b,K2-290,2019,Transit,272.91,9.2117,3.06,10.9,1230
K2-290 c,K2-290,2019,Transit,272.91,48.3669,11.28,246.0,676
WASP-65 b,WASP-65,2013,Transit,273.7,2.3114,12.46,492.62,1480
K2-289 b,K2-289,2019,Transit,274.3,13.157,9.1,,753
WASP-110 b,WASP-110,2021,Transit,274.96,3.7784,13.19,154.78,1158
K2-224 b,K2-224,2018,Transit,275.26,4.479,1.56,,1002
K2-224 c,K2-224,2018,Transit,275.26,10.0949,2.41,,764
TOI-2498 b,TOI-2498,2023,Transit,275.27,3.7383,6.06,34.62,1443
WASP-136 b,WASP-136,2016,Transit,275.59,,16.81,,1630
TOI-2031 A b,TOI-2031 A,2025,Transit,276.11,5.7155,14.2,254.26,1358
XO-5 b,XO-5,2008,Transit,276.21,4.1878,12.78,378.2,1230
TOI-5350 b,TOI-5350,2025,Transit,277.42,7.5814,12.42,2094.49,1195
TOI-3364 b,TOI-3364,2023,Transit,277.9,5.8769,12.23,530.77,1264
WASP-185 b,WASP-185,2019,Transit,279.35,9.3875,14.01,311.47,1160
HATS-57 b,HATS-57,2019,Transit,279.49,2.3506,12.77,1000.21,1413
K2-270 c,K2-270,2018,Transit,280.52,4.4,2.95,,848
K2-270 b,K2-270,2018,Transit,280.52,1.5431,1.38,,1203
NGTS-4 b,NGTS-4,2019,Transit,280.56,1.3374,3.18,20.6,1650
TOI-1107 b,TOI-1107,2022,Transit,281.31,4.0782,14.57,1064.73,1728
Qatar-8 b,Qatar-8,2019,Transit,281.5,3.715,14.4,117.91,1457
WASP-98 b,WASP-98,2014,Transit,281.74,2.9626,12.82,293.04,1171
K2-326 b,K2-326,2020,Transit,282.31,1.256,2.28,,1114
TOI-6695 b,TOI-6695,2025,Transit,282.54,80.389,9.53,66.74,599
Kepler-20 e,Kepler-20,2011,Transit,282.56,6.0985,0.82,0.76,1004
Kepler-20 d,Kepler-20,2011,Transit,282.56,77.6115,2.61,13.4,430
Kepler-20 b,Kepler-20,2011,Transit,282.56,3.6961,1.77,9.7,1187
Kepler-20 f,Kepler-20,2011,Transit,282.56,19.5783,0.95,1.4,681
Kepler-20 c,Kepler-20,2011,Transit,282.56,10.8541,2.89,11.1,828
HATS-1 b,HATS-1,2012,Transit,283.97,3.4465,14.59,589.55,1359
TOI-329 b,TOI-329,2024,Transit,284.39,5.7044,4.94,40.4,1213
TOI-2497 b,TOI-2497,2023,Transit,285.29,10.6557,11.14,1531.93,1595
TOI-3321 b,TOI-3321,2024,Transit,285.9,3.6525,15.56,176.08,1616
WASP-160 B b,WASP-160 B,2018,Transit,288.33,3.7685,12.22,88.36,1119
HAT-P-32 b,HAT-P-32,2011,Transit,289.21,2.15,22.19,216.12,1836
K2-19 d,K2-19,2016,Transit,289.83,2.5083,1.04,6.2,1258
KOI-1833 d,Kepler-968,2021,Transit,290.32,7.685,2.58,11.02,613
K2-388 b,K2-388,2022,Transit,290.5,6.3393,3.9,,874
HAT-P-46 b,HAT-P-46,2014,Transit,290.74,4.4631,14.39,156.68,1458
WASP-89 b,WASP-89,2015,Transit,290.95,3.3564,11.66,1875.2,1120
WASP-75 b,WASP-75,2013,Transit,294.0,2.4842,14.24,340.06,1710
HAT-P-36 b,HAT-P-36,2011,Transit,294.42,1.3273,14.31,587.41,1781
TOI-2529 b,TOI-2529,2024,Transit,296.27,64.5949,11.55,743.72,636
TOI-2154 b,TOI-2154,2023,Transit,296.46,3.8241,16.29,292.4,1580
WASP-55 b,WASP-55,2012,Transit,297.46,4.4656,14.73,186.25,1342
K2-157 b,K2-157,2018,Transit,298.37,0.3653,0.94,1.14,2432
HAT-P-45 b,HAT-P-45,2014,Transit,298.64,3.129,15.98,283.49,1652
HATS-74 A b,HATS-74 A,2021,Transit,299.39,1.7319,11.57,464.03,895
TOI-4914 b,TOI-4914,2024,Transit,299.89,10.6006,12.87,227.0,894
TOI-3261 b,TOI-3261,2024,Transit,300.14,0.8831,3.82,30.3,1722
KELT-19 A b,KELT-19 A,2017,Transit,300.28,4.6117,21.41,1293.57,1935
HAT-P-25 b,HAT-P-25,2012,Transit,300.38,3.6528,12.72,180.85,1182
K2-214 b,K2-214,2018,Transit,300.64,8.5966,2.51,,1001
HATS-47 b,HATS-47,2020,Transit,300.67,3.9228,12.52,117.28,853
Kepler-62 c,Kepler-62,2013,Transit,300.87,12.4417,0.54,4.0,578
Kepler-62 f,Kepler-62,2013,Transit,300.87,267.291,1.41,35.0,208
Kepler-62 b,Kepler-62,2013,Transit,300.87,5.7149,1.31,9.0,750
Kepler-62 e,Kepler-62,2013,Transit,300.87,122.3874,1.61,36.0,270
Kepler-62 d,Kepler-62,2013,Transit,300.87,18.1641,1.95,14.0,510
WASP-129 b,WASP-129,2016,Transit,301.46,5.7481,10.42,317.83,1100
TOI-4087 b,TOI-4087,2023,Transit,301.68,3.1775,13.05,232.01,1458
TOI-5210 b,TOI-5210,2025,Transit,302.09,4.5661,10.73,82.0,1286
WASP-119 b,WASP-119,2016,Transit,302.45,2.4998,15.69,390.93,1600
TOI-2152 A b,TOI-2152,2023,Transit,303.01,3.3774,14.36,899.45,1802
WASP-168 b,WASP-168,2018,Transit,303.94,4.1537,16.81,133.49,1340
TIC 245076932 b,TIC 245076932,2026,Transit,303.96,21.6139,10.87,162.09,845
Wendelstein-1 b,Wendelstein-1,2020,Transit,305.3,2.6634,11.56,188.16,2198
WASP-170 b,WASP-170,2018,Transit,305.6,2.3448,12.29,508.53,1422
TIC 237913194 b,TIC 237913194,2020,Transit,306.06,15.1689,12.52,617.23,974
TOI-5634 A b,TOI-5634 A,2024,Transit,306.14,2.2035,10.42,588.0,837
NGTS-5 b,NGTS-5,2019,Transit,306.78,3.357,12.73,72.78,952
Kepler-539 b,Kepler-539,2016,Transit,307.32,125.6324,8.37,308.3,388
K2-273 b,K2-273,2018,Transit,308.11,11.7196,3.05,,849
NGTS-6 b,NGTS-6,2019,Transit,308.26,0.8821,14.86,425.57,1284
WASP-5 b,WASP-5,2008,Transit,309.14,1.6284,12.18,502.15,1706
WASP-162 b,WASP-162,2018,Transit,310.84,9.6247,11.21,1652.72,910
TOI-3837 b,TOI-3837,2025,Transit,311.71,11.8887,10.87,187.52,1178
TOI-907.01,TOI-907,2024,Transit,312.53,4.5849,9.62,,1847
TOI-2818 b,TOI-2818,2023,Transit,312.67,4.0397,15.28,225.66,1376
TOI-6692 b,TOI-6692,2026,Transit,312.9,131.125,11.68,197.05,467
TOI-2338 b,TOI-2338,2023,Transit,314.0,22.654,11.21,1900.61,799
TOI-3856 b,TOI-3856,2025,Transit,314.44,2.0436,13.6,171.63,1544
K2-237 b,K2-237,2018,Transit,315.0,2.1805,16.06,434.15,1759
K2-195 b,K2-195,2018,Transit,315.01,15.853,3.13,,720
Kepler-130 c,Kepler-130,2014,Transit,316.66,27.5087,2.9,,683
K2-6 b,K2-6,2015,Transit,316.82,30.9419,2.5,,615
TOI-1298 b,TOI-1298,2021,Transit,319.04,4.5371,9.66,99.0,1278
TOI-4127 b,TOI-4127,2023,Transit,319.63,56.3987,12.07,743.72,556
EPIC 212587672 b,EPIC 212587672,2019,Transit,320.07,15.2808,1.26,,756
EPIC 212587672 c,EPIC 212587672,2021,Transit,320.07,23.2286,2.32,,658
K2-347 b,K2-347,2021,Transit,320.34,7.1873,2.41,,640
HAT-P-4 b,HAT-P-4,2007,Transit,320.45,3.0565,14.28,213.26,1686
TOI-6628 b,TOI-6628,2025,Transit,320.53,18.1842,10.98,235.19,833
Kepler-2000 c,Kepler-2000,2023,Transit,320.59,20.618,1.57,,359
Kepler-2000 b,Kepler-2000,2023,Transit,320.59,6.3832,2.73,,530
EPIC 249893012 d,EPIC 249893012,2020,Transit,321.3,35.747,3.94,10.18,752
EPIC 249893012 b,EPIC 249893012,2020,Transit,321.3,3.5951,1.95,8.75,1616
EPIC 249893012 c,EPIC 249893012,2020,Transit,321.3,15.624,3.67,14.67,990
KELT-18 b,KELT-18,2017,Transit,321.38,2.8718,17.6,375.04,2085
NGTS-14 A b,NGTS-14 A,2021,Transit,322.15,3.5357,4.98,29.24,1143
TOI-1296 b,TOI-1296,2021,Transit,323.27,3.9444,14.12,95.3,1415
HATS-49 b,HATS-49,2020,Transit,324.41,4.148,8.57,112.19,835
WASP-183 b,WASP-183,2019,Transit,325.38,4.1118,16.48,159.55,1111
K2-12 b,K2-12,2015,Transit,326.38,8.2825,2.44,5.2,1026
WASP-164 b,WASP-164,2018,Transit,327.51,1.7771,12.64,676.98,1610
WASP-182 b,WASP-182,2019,Transit,327.6,3.377,9.53,47.04,1479
K2-268 d,K2-268,2021,Transit,327.78,4.5286,1.49,,888
K2-268 e,K2-268,2021,Transit,327.78,6.1312,1.33,,801
K2-268 b,K2-268,2018,Transit,327.78,2.1517,1.5,,1136
K2-268 c,K2-268,2018,Transit,327.78,9.3275,2.69,,696
K2-268 f,K2-268,2021,Transit,327.78,26.2706,2.23,,492
TOI-2421 b,TOI-2421,2022,Transit,327.93,4.3474,10.37,105.84,1534
TOI-4791 b,TOI-4791,2023,Transit,328.8,4.2809,12.44,734.18,1472
Qatar-4 b,Qatar-4,2017,Transit,329.04,1.8054,12.72,1938.76,1385
TOI-4994 b,TOI-4994,2024,Transit,329.3,21.492,8.54,88.99,718
K2-11 b,K2-11,2015,Transit,329.31,39.9377,7.55,,734
HAT-P-70 b,HAT-P-70,2019,Transit,330.74,2.7443,20.96,2154.89,2562
TOI-1294 b,TOI-1294,2024,Transit,332.65,3.9153,10.12,63.9,1393
K2-30 b,K2-30,2016,Transit,333.04,4.0985,11.65,184.02,1092
WASP-157 b,WASP-157,2016,Transit,334.04,3.9516,11.19,,1193
K2-16 c,K2-16,2015,Transit,334.97,19.0786,2.54,,485
K2-16 b,K2-16,2015,Transit,334.97,7.6188,2.02,,658
TOI-4137 b,TOI-4137,2022,Transit,334.99,3.8016,13.57,457.67,1570
Kepler-61 b,Kepler-61,2013,Transit,335.08,59.8776,2.15,,273
TOI-2025 b,TOI-2025,2022,Transit,335.99,8.8721,11.89,1144.18,1166
EPIC 212737443 b,EPIC 212737443,2019,Transit,336.25,13.603,2.59,,536
EPIC 212737443 c,EPIC 212737443,2019,Transit,336.25,65.55,2.69,,316
TOI-150.01,TOI-150,2019,Transit,336.27,5.8575,14.07,797.75,1405
TOI-1601 b,TOI-1601,2021,Transit,336.61,5.3318,14.2,387.0,1494
TOI-2193 A b,TOI-2193 A,2022,Transit,337.06,2.1226,19.84,298.76,1763
TOI-5292 A b,TOI-5292 A,2026,Transit,337.1,2.0219,12.64,412.86,809
CoRoT-10 b,CoRoT-10,2010,Transit,338.39,13.2406,10.87,874.0,600
HAT-P-61 b,HAT-P-61,2021,Transit,338.84,1.9023,10.08,335.94,1505
TOI-892 b,TOI-892,2020,Transit,340.54,10.6266,11.99,301.94,1397
Kepler-1998 b,Kepler-1998,2023,Transit,340.97,3.0327,0.6,,1187
HAT-P-69 b,HAT-P-69,2019,Transit,341.26,4.7869,18.79,1137.83,1930
Kepler-167 e,Kepler-167,2016,Transit,341.91,1071.2321,10.16,321.01,134
Kepler-167 d,Kepler-167,2016,Transit,341.91,21.8038,1.24,,538
Kepler-167 b,Kepler-167,2014,Transit,341.91,4.3932,1.72,,918
Kepler-167 c,Kepler-167,2014,Transit,341.91,7.4061,1.67,,771
HATS-2 b,HATS-2,2013,Transit,341.93,1.3541,12.58,435.42,1550
TOI-640 b,TOI-640,2021,Transit,342.0,5.0038,19.28,181.16,1816
HATS-30 b,HATS-30,2016,Transit,342.14,3.1744,13.17,224.39,1414
K2-13 b,K2-13,2015,Transit,342.39,39.9149,1.89,,511
TOI-172 b,TOI-172,2019,Transit,342.83,9.4773,10.82,1722.64,1198
WASP-161 b,WASP-161,2018,Transit,343.08,5.406,12.81,791.4,1557
HATS-38 b,HATS-38,2020,Transit,343.53,4.375,6.88,23.52,1294
PH2 b,PH2,2013,Transit,343.86,282.5254,9.34,87.08,295
K2-333 b,K2-333,2021,Transit,343.99,14.7593,6.18,,826
TOI-2641 b,TOI-2641,2023,Transit,344.05,4.881,18.1,122.68,1387
TOI-4940 b,TOI-4940,2025,Transit,345.66,25.8678,6.61,89.0,643
TOI-5422 b,TOI-5422,2026,Transit,346.14,5.3772,9.1,8899.2,1369
TOI-4214 b,TOI-4214,2025,Transit,346.88,3.4914,10.68,165.27,1642
TOI-159 b,TOI-159,2026,Transit,347.59,3.7628,18.18,1110.0,1891
HAT-P-44 b,HAT-P-44,2014,Transit,347.85,4.3012,13.92,111.87,1108
K2-140 b,K2-140,2017,Transit,347.92,6.5692,13.56,295.58,962
WASP-28 b,WASP-28,2014,Transit,348.49,3.4088,13.66,282.55,1456
Kepler-421 b,Kepler-421,2014,Transit,348.56,704.1984,4.16,,185
K2-34 b,K2-34,2016,Transit,348.65,2.9956,13.75,,1687
HAT-P-62 b,HAT-P-62,2021,Transit,348.82,2.6453,12.03,241.87,1512
TOI-5542 b,TOI-5542,2022,Transit,348.85,75.1238,11.31,419.53,441
TOI-2796 b,TOI-2796,2023,Transit,350.34,4.8085,17.26,139.84,1205
TOI-2169 A b,TOI-2169 A,2025,Transit,351.49,8.2148,12.51,329.59,1364
TOI-333 b,TOI-333,2025,Transit,352.27,3.7853,4.26,20.1,1445
WASP-96 b,WASP-96,2014,Transit,352.46,3.4253,13.45,152.55,1285
HATS-29 b,HATS-29,2016,Transit,353.89,4.6059,14.02,207.54,1212
WASP-144 b,WASP-144,2018,Transit,355.51,2.2783,9.53,139.85,1260
K2-356 b,K2-356,2021,Transit,355.54,21.0267,2.29,,624
TOI-2236 b,TOI-2236,2022,Transit,355.59,3.5316,14.37,502.17,1688
TOI-157 b,TOI-157,2020,Transit,355.68,2.0845,14.41,375.04,1588
NGTS-2 b,NGTS-2,2018,Transit,356.39,4.5112,17.88,235.19,1468
K2-225 b,K2-225,2018,Transit,357.78,15.8723,3.61,,923
TrES-5 b,TrES-5,2011,Transit,360.31,1.4822,13.38,568.92,1480
K2-339 b,K2-339,2021,Transit,360.36,19.5074,1.92,,508
TOI-615 b,TOI-615,2023,Transit,360.41,4.6616,18.98,138.26,1666
K2-269 b,K2-269,2018,Transit,360.76,4.145,1.57,,1429
K2-181 b,K2-181,2018,Transit,360.91,6.8941,2.69,,949
HAT-P-52 b,HAT-P-52,2015,Transit,361.16,2.7536,11.31,259.98,1218
TOI-2570 b,TOI-2570,2022,Transit,361.86,2.9888,13.64,260.62,1431
WASP-193 b,WASP-193,2023,Transit,362.09,6.2463,14.78,35.6,1250
HATS-43 b,HATS-43,2018,Transit,362.27,4.3888,13.23,82.95,1003
K2-14 b,K2-14,2015,Transit,364.05,8.368,4.81,,488
WASP-44 b,WASP-44,2011,Transit,364.51,2.4238,12.33,276.51,1337
TOI-6016 b,TOI-6016,2024,Transit,364.72,4.0237,13.67,371.86,1890
HAT-P-23 b,HAT-P-23,2010,Transit,364.81,1.2129,15.33,664.24,2056
K2-119 b,K2-119,2017,Transit,365.58,7.7273,2.53,,666
Qatar-5 b,Qatar-5,2017,Transit,367.66,2.8792,12.41,1373.03,1415
KELT-12 b,KELT-12,2017,Transit,368.03,5.0316,19.95,301.94,1800
Kepler-80 g,Kepler-80,2017,Transit,369.45,14.6456,1.13,,418
WASP-64 b,WASP-64,2012,Transit,369.93,1.5733,14.25,403.95,1689
WASP-93 b,WASP-93,2016,Transit,370.28,2.7325,17.9,467.21,1942
TOI-3457 b,TOI-3457,2026,Transit,370.67,32.6003,10.64,797.75,824
K2-334 b,K2-334,2021,Transit,371.82,5.114,5.65,,1380
EPIC 246851721 b,EPIC 246851721,2018,Transit,372.63,6.1802,11.78,953.49,1401
K2-294 b,K2-294,2019,Transit,373.08,2.5039,1.66,,1425
TOI-2207 b,TOI-2207,2022,Transit,373.35,8.002,11.15,203.41,1259
TOI-2587 A b,TOI-2587 A,2023,Transit,373.68,5.4566,12.07,69.29,1445
WASP-46 b,WASP-46,2011,Transit,375.31,1.4304,13.16,607.06,1636
WASP-103 b,WASP-103,2014,Transit,375.65,0.9255,17.13,473.55,2508
WASP-118 b,WASP-118,2016,Transit,376.66,4.046,16.14,163.36,1729
TOI-5261 b,TOI-5261,2025,Transit,377.05,4.151,11.6,3651.85,1244
TOI-5218 b,TOI-5218,2024,Transit,377.48,4.2915,9.86,657.0,783
TOI-2580 b,TOI-2580,2024,Transit,379.25,3.3978,17.37,200.23,2410
WASP-120 b,WASP-120,2016,Transit,381.17,,15.58,,1749
Kepler-45 b,Kepler-45,2011,Transit,381.95,2.4552,10.76,160.5,1000
NGTS-20 b,NGTS-20,2022,Transit,382.9,54.1892,11.99,947.13,688
TIC 87422071 b,TIC 87422071,2026,Transit,384.76,11.3649,10.86,410.0,1110
HATS-76 b,HATS-76,2021,Transit,385.69,1.9416,12.09,835.57,940
WASP-36 b,WASP-36,2011,Transit,386.35,1.5374,14.87,750.4,1733
TOI-6448 b,TOI-6448,2025,Transit,386.88,14.8443,8.47,,745
TOI-1295 b,TOI-1295,2024,Transit,388.23,3.1969,15.69,451.32,2360
HATS-51 b,HATS-51,2017,Transit,389.57,3.3489,15.8,244.09,1553
TOI-3023 b,TOI-3023,2023,Transit,389.92,3.9015,16.43,197.05,1596
TOI-5616 b,TOI-5616,2024,Transit,390.42,2.0028,10.78,624.0,939
TOI-5153 b,TOI-5153,2022,Transit,390.48,20.33,11.88,1036.12,906
HAT-P-37 b,HAT-P-37,2011,Transit,390.59,2.7974,13.2,371.53,1271
K2-280 b,K2-280,2018,Transit,391.54,19.8953,7.5,37.1,787
K2-293 b,K2-293,2019,Transit,392.25,13.1225,2.45,,750
TOI-5110 b,TOI-5110,2024,Transit,392.26,30.1586,11.98,921.7,976
Kepler-1990 b,Kepler-1990,2023,Transit,392.74,1.7351,3.27,,1554
Kepler-1990 c,Kepler-1990,2023,Transit,392.74,4.0684,0.98,,1170
TOI-5386 A b,TOI-5386 A,2025,Transit,394.49,3.6216,14.71,155.1,1488
TOI-375 b,TOI-375,2026,Transit,396.21,9.4547,10.77,236.78,1373
TOI-3688 A b,TOI-3688 A,2023,Transit,396.38,3.2461,13.08,311.47,1534
Kepler-1514 b,Kepler-1514,2016,Transit,397.29,217.8318,12.42,1678.14,388
Kepler-1514 c,Kepler-1514,2020,Transit,397.29,10.5142,1.18,,1066
TOI-2485 b,TOI-2485,2024,Transit,397.95,11.2348,12.14,766.6,1134
WASP-57 b,WASP-57,2012,Transit,398.28,2.8389,11.77,204.68,1338
WASP-81 b,WASP-81,2017,Transit,398.51,2.7165,16.02,231.7,1623
WASP-155 b,WASP-155,2025,Transit,399.63,3.1104,13.45,276.83,1468
HATS-17 b,HATS-17,2016,Transit,400.33,16.2546,8.71,425.26,814
HAT-P-28 b,HAT-P-28,2011,Transit,401.32,3.2572,13.59,198.95,1384
TOI-558 b,TOI-558,2021,Transit,402.63,14.5741,12.17,1147.36,1061
K2-283 b,K2-283,2018,Transit,402.92,1.921,3.52,,1186
HAT-P-63 b,HAT-P-63,2021,Transit,403.46,3.3777,12.54,195.15,1237
K2-8 c,K2-8,2016,Transit,403.51,5.0642,2.41,,801
K2-8 b,K2-8,2015,Transit,403.51,10.3524,3.58,,631
HATS-58 A b,HATS-58 A,2019,Transit,403.59,4.2181,12.27,327.36,1721
TOI-3682 b,TOI-3682,2025,Transit,404.21,3.3462,12.8,69.29,1657
HAT-P-42 b,HAT-P-42,2012,Transit,405.24,4.6419,14.35,331.8,1428
K2-61 b,K2-61,2016,Transit,405.73,2.5734,1.92,,1325
K2-248 b,K2-248,2018,Transit,406.25,7.1726,2.57,,886
TOI-169 b,TOI-169,2020,Transit,407.84,2.2554,12.17,251.4,1715
WASP-174 b,WASP-174,2018,Transit,410.15,4.2337,16.11,104.88,1528
Kepler-1661 b,Kepler-1661,2020,Transit,410.61,175.06,3.87,17.0,243
HATS-3 b,HATS-3,2013,Transit,411.21,3.5479,15.48,340.38,1648
TOI-163 b,TOI-163,2019,Transit,411.72,4.2313,16.69,387.75,1669
K2-193 b,K2-193,2018,Transit,411.92,14.7869,3.95,,739
CoRoT-9 b,CoRoT-9,2009,Transit,412.98,95.2727,11.95,266.98,420
K2-115 b,K2-115,2017,Transit,413.59,20.273,11.8,321.01,696
TOI-2886 b,TOI-2886,2025,Transit,413.67,1.602,18.64,444.96,1978
WASP-138 b,WASP-138,2016,Transit,414.23,3.6344,12.22,387.75,1590
HATS-69 b,HATS-69,2018,Transit,414.54,2.2253,10.59,183.39,1296
K2-250 b,K2-250,2018,Transit,414.71,4.0139,2.71,,1003
TOI-1937 A b,TOI-1937 A,2023,Transit,415.14,0.9467,13.98,638.84,2097
TOI-5882 b,TOI-5882,2025,Transit,416.1,7.149,11.47,6995.4,1515
K2-259 b,K2-259,2018,Transit,416.46,15.4804,2.32,,795
HATS-4 b,HATS-4,2014,Transit,416.46,2.5167,11.43,420.47,1315
TOI-3894 b,TOI-3894,2024,Transit,417.37,4.3345,15.28,260.62,1531
EPIC 212297394 c,EPIC 212297394,2021,Transit,418.4,5.214,2.27,,866
EPIC 212297394 b,EPIC 212297394,2019,Transit,418.4,2.2894,1.48,,1149
TOI-3474 b,TOI-3474,2025,Transit,420.12,3.8795,14.67,193.88,1451
K2-341 b,K2-341,2021,Transit,421.41,36.5526,3.21,,598
K2-337 b,K2-337,2021,Transit,421.64,16.2736,2.62,,850
TOI-3807 b,TOI-3807,2023,Transit,421.75,2.899,18.49,330.54,1646
HATS-13 b,HATS-13,2015,Transit,421.86,3.044,13.59,172.58,1244
K2-272 b,K2-272,2018,Transit,423.07,14.4537,3.13,,747
WASP-167 b,WASP-167,2017,Transit,423.55,2.022,17.71,2542.64,2329
TOI-4153 b,TOI-4153,2024,Transit,423.84,4.6174,16.12,365.5,1669
Kepler-1983 b,Kepler-1983,2023,Transit,424.43,7.3285,2.33,,807
Kepler-975 c,Kepler-975,2023,Transit,426.09,5.0582,10.69,,1168
WASP-178 b,WASP-178,2019,Transit,427.68,3.3448,20.29,527.6,2470
NGTS-8 b,NGTS-8,2019,Transit,428.98,2.4997,12.22,295.58,1345
TOI-2382 b,TOI-2382,2025,Transit,434.92,4.6612,12.25,235.19,1426
WASP-113 b,WASP-113,2016,Transit,435.16,4.5422,15.79,150.97,1496
TOI-2420 b,TOI-2420,2024,Transit,435.17,5.8426,15.02,294.63,1572
WASP-147 b,WASP-147,2018,Transit,436.1,4.6027,12.5,87.4,1404
HATS-77 b,HATS-77,2021,Transit,436.18,3.0876,13.06,436.7,828
TOI-2346 b,TOI-2346,2025,Transit,437.48,3.3312,16.12,394.11,1689
WASP-181 b,WASP-181,2019,Transit,437.5,4.5195,13.27,95.03,1186
NGTS-33 b,NGTS-33,2024,Transit,437.86,2.828,18.38,1153.72,1991
TOI-2524 b,TOI-2524,2023,Transit,438.84,7.1859,11.21,203.41,1100
HAT-P-51 b,HAT-P-51,2015,Transit,440.09,4.218,13.51,97.57,1168
Kepler-1996 c,Kepler-1996,2023,Transit,440.56,92.7297,2.81,,276
Kepler-1996 b,Kepler-1996,2023,Transit,440.56,32.3762,2.26,,392
Kepler-278 b,Kepler-278,2014,Transit,443.03,30.1556,3.96,56.0,586
Kepler-278 c,Kepler-278,2014,Transit,443.03,51.111,3.27,34.9,492
KELT-16 b,KELT-16,2017,Transit,444.59,0.969,15.86,874.03,2453
HATS-44 b,HATS-44,2018,Transit,446.04,2.7439,11.96,177.98,1161
NGTS-12 b,NGTS-12,2020,Transit,446.44,7.5328,11.75,66.11,1257
K2-188 b,K2-188,2018,Transit,446.82,1.7422,1.35,,1692
K2-188 c,K2-188,2018,Transit,446.82,7.8103,2.83,,1026
WASP-124 b,WASP-124,2016,Transit,448.64,3.3727,13.9,190.7,1400
WASP-151 b,WASP-151,2017,Transit,453.1,4.5335,13.31,100.43,1312
K2-349 b,K2-349,2021,Transit,453.57,9.0322,1.38,,518
HATS-46 b,HATS-46,2018,Transit,453.81,4.7424,10.12,54.98,1054
Kepler-323 b,Kepler-323,2014,Transit,454.88,1.6783,1.38,3.9,1838
Kepler-323 c,Kepler-323,2014,Transit,454.88,3.5538,1.57,6.8,1431
HAT-P-9 b,HAT-P-9,2008,Transit,455.2,3.9228,15.61,238.05,1540
K2-245 b,K2-245,2018,Transit,456.06,11.8931,4.34,,923
TIC 147027702 b,TIC 147027702,2026,Transit,457.19,44.4052,10.93,346.43,863
K2-281 b,K2-281,2018,Transit,458.14,8.6877,8.18,,665
TOI-2842 b,TOI-2842,2023,Transit,461.0,3.5514,12.85,117.6,1471
TOI-3912 b,TOI-3912,2023,Transit,465.99,3.4936,14.28,129.04,1512
WASP-90 b,WASP-90,2016,Transit,466.43,3.9162,18.27,200.23,1840
KELT-21 b,KELT-21,2018,Transit,470.88,3.6128,17.78,1242.72,2051
HATS-25 b,HATS-25,2016,Transit,471.16,4.2986,14.12,194.83,1277
Kepler-109 c,Kepler-109,2014,Transit,474.86,21.2227,2.65,8.2,859
Kepler-109 b,Kepler-109,2014,Transit,474.86,6.4816,2.49,4.9,1276
K2-114 b,K2-114,2017,Transit,475.76,11.3909,10.59,638.84,701
WASP-194 b,WASP-194,2025,Transit,476.83,3.1834,15.48,373.13,1693
K2-166 b,K2-166,2018,Transit,476.88,8.527,2.19,,1140
TOI-5322 b,TOI-5322,2025,Transit,476.9,5.4233,16.61,184.02,1350
KOI-94 d,KOI-94,2013,Transit,477.05,22.343,11.27,106.0,806
KOI-94 c,KOI-94,2013,Transit,477.05,10.4236,4.32,15.6,1012
KOI-94 b,KOI-94,2013,Transit,477.05,3.7432,1.71,10.5,1486
KOI-94 e,KOI-94,2013,Transit,477.05,54.3203,6.56,35.0,584
K2-108 b,K2-108,2017,Transit,477.3,4.734,5.33,,1360
TOI-4487 A b,TOI-4487 A,2025,Transit,479.15,3.9541,14.61,397.29,1639
TOI-5181 A b,TOI-5181 A,2025,Transit,480.16,3.8922,13.35,330.54,1585
K2-358 b,K2-358,2021,Transit,480.31,11.251,2.68,,888
WASP-197 b,WASP-197,2025,Transit,483.68,5.1672,14.45,403.32,1665
WASP-195 b,WASP-195,2025,Transit,484.85,5.0519,10.31,33.05,1522
TOI-3071 b,TOI-3071,2024,Transit,485.22,1.2669,7.16,68.2,2155
Kepler-949 c,Kepler-949,2023,Transit,486.11,20.9976,2.97,,582
HATS-60 b,HATS-60,2018,Transit,486.47,3.5608,12.92,210.4,1528
Kepler-431 d,Kepler-431,2015,Transit,486.55,11.922,1.11,,856
Kepler-431 c,Kepler-431,2015,Transit,486.55,8.703,0.67,,951
Kepler-431 b,Kepler-431,2015,Transit,486.55,6.803,0.76,,1032
TOI-3980 b,TOI-3980,2025,Transit,486.72,3.6089,14.46,187.52,1621
Kepler-4 b,Kepler-4,2009,Transit,487.92,3.2135,4.0,24.47,1650
K2-276 b,K2-276,2018,Transit,488.15,18.7183,3.77,,583
K2-350 b,K2-350,2021,Transit,489.37,4.1639,1.54,,1158
K2-350 c,K2-350,2016,Transit,489.37,19.9919,2.74,,687
K2-87 b,K2-87,2016,Transit,491.24,9.7266,7.6,,979
K2-60 b,K2-60,2016,Transit,491.87,3.0027,7.66,135.4,1400
TOI-4773 b,TOI-4773,2025,Transit,492.89,1.7453,15.22,1687.67,2255
HATS-65 b,HATS-65,2018,Transit,493.32,3.1052,16.82,260.94,1634
TOI-3877 b,TOI-3877,2025,Transit,493.77,4.1236,11.68,99.8,1445
K2-15 b,K2-15,2015,Transit,493.99,11.8104,2.48,,676
HATS-24 b,HATS-24,2017,Transit,494.18,1.3485,15.64,718.3,2166
TOI-2803 A b,TOI-2803 A,2023,Transit,494.82,1.9623,18.11,309.88,1893
NGTS-31 b,NGTS-31,2025,Transit,497.38,4.1627,18.05,355.97,1410
Kepler-1834 c,Kepler-1834,2023,Transit,500.4,0.7667,1.22,,1541
K2-355 b,K2-355,2021,Transit,500.5,5.7386,2.25,,1066
KOI-1831 d,Kepler-324,2018,Transit,501.57,34.169,1.13,2.23,475
TOI-2567 b,TOI-2567,2022,Transit,504.78,5.9839,10.93,63.88,1352
TIC 257060897 b,TIC 257060897,2021,Transit,505.7,3.66,17.26,201.5,1775
TOI-2373 b,TOI-2373,2023,Transit,508.69,13.3367,10.42,2955.8,860
HATS-34 b,HATS-34,2016,Transit,508.84,2.1062,16.03,299.08,1445
WASP-192 b,WASP-192,2019,Transit,508.89,2.8787,13.79,731.01,1620
HAT-P-55 b,HAT-P-55,2015,Transit,511.39,3.5852,14.84,189.43,1367
HATS-14 b,HATS-14,2015,Transit,513.01,2.7668,11.65,340.4,1276
Kepler-1988 b,Kepler-1988,2023,Transit,513.43,11.495,1.53,,1105
K2-66 b,K2-66,2016,Transit,513.88,5.0696,2.49,21.3,1372
HATS-35 b,HATS-35,2016,Transit,514.55,1.821,16.41,388.39,2037
HAT-P-50 b,HAT-P-50,2015,Transit,515.46,3.122,14.44,429.07,1862
HAT-P-58 b,HAT-P-58,2021,Transit,515.59,4.0138,14.93,118.23,1622
TOI-1994 b,TOI-1994,2024,Transit,515.6,4.0337,13.67,7024.01,2290
TOI-3976 A b,TOI-3976 A,2023,Transit,516.09,6.6077,12.27,55.62,1295
WASP-141 b,WASP-141,2016,Transit,516.54,3.3107,13.56,854.96,1540
K2-357 b,K2-357,2021,Transit,517.69,16.3489,3.72,,735
K2-98 b,K2-98,2016,Transit,518.63,10.1367,5.07,34.01,1185
KOI-13 b,KOI-13,2011,Transit,519.1,1.7636,16.95,2949.46,2550
K2-99 b,K2-99,2016,Transit,519.23,18.2478,11.88,276.51,1184
NGTS-25 b,NGTS-25,2022,Transit,521.23,2.8231,11.47,203.09,1101
K2-249 b,K2-249,2018,Transit,521.72,12.409,2.79,,1061
HATS-62 b,HATS-62,2018,Transit,523.07,3.2769,11.83,56.89,1237
WASP-114 b,WASP-114,2016,Transit,523.34,1.5488,15.01,562.24,2043
WASP-158 b,WASP-158,2018,Transit,524.99,3.6563,11.99,886.75,1590
Kepler-107 d,Kepler-107,2014,Transit,526.0,7.9584,0.86,7.7,1173
Kepler-107 c,Kepler-107,2014,Transit,526.0,4.9015,1.6,10.0,1378
Kepler-107 b,Kepler-107,2014,Transit,526.0,3.18,1.54,3.8,1592
Kepler-107 e,Kepler-107,2014,Transit,526.0,14.7491,2.9,14.1,955
TOI-2981 b,TOI-2981,2024,Transit,527.79,3.6015,13.4,638.0,1358
WASP-150 b,WASP-150,2020,Transit,528.0,5.6442,11.99,2688.84,1460
HAT-P-43 b,HAT-P-43,2012,Transit,528.83,3.3326,13.63,,1353
TOI-5340 b,TOI-5340,2025,Transit,532.63,4.9394,15.08,270.15,1566
Kepler-1992 b,Kepler-1992,2023,Transit,532.96,15.6112,0.91,,637
HATS-10 b,HATS-10,2015,Transit,534.89,3.3128,10.86,167.18,1407
HATS-28 b,HATS-28,2016,Transit,535.38,3.1811,13.38,213.58,1253
WASP-102 b,WASP-102,2025,Transit,535.69,2.7098,14.91,197.69,1671
K2-238 b,K2-238,2018,Transit,537.96,3.2047,14.57,273.33,1587
WASP-172 b,WASP-172,2018,Transit,538.11,5.4774,17.6,149.38,1740
WASP-175 b,WASP-175,2019,Transit,539.36,3.0653,13.54,314.65,1571
K2-230 b,K2-230,2018,Transit,540.77,2.8604,1.96,,1529
TOI-2992 b,TOI-2992,2025,Transit,542.03,3.0078,13.75,1058.37,1726
WASP-190 b,WASP-190,2019,Transit,542.25,5.3678,12.89,317.83,1500
TOI-4794 b,TOI-4794,2025,Transit,543.01,3.5658,14.36,308.29,1673
Kepler-1669 d,Kepler-1669,2023,Transit,543.44,4.7294,1.22,,669
Kepler-452 b,Kepler-452,2015,Transit,551.73,384.843,1.63,,265
EPIC 248847494 b,EPIC 248847494,2018,Transit,551.89,3650.0,12.44,4131.79,183
HATS-52 b,HATS-52,2017,Transit,555.13,1.3667,15.49,711.94,1834
TOI-2416 b,TOI-2416,2023,Transit,557.73,8.2755,9.86,953.49,1080
K2-335 b,K2-335,2021,Transit,557.99,12.2832,2.21,,949
TOI-3819 b,TOI-3819,2023,Transit,558.14,3.2443,13.14,352.79,1633
Kepler-1982 b,Kepler-1982,2023,Transit,558.86,3.8232,0.77,,1282
Qatar-10 b,Qatar-10,2019,Transit,559.07,1.6453,17.3,233.92,1955
WASP-133 b,WASP-133,2016,Transit,559.08,2.1764,13.56,368.68,1790
WASP-116 b,WASP-116,2025,Transit,559.24,6.6132,13.67,203.41,1414
TOI-4734 b,TOI-4734,2025,Transit,563.07,6.2356,10.92,61.66,1468
TOI-2986 b,TOI-2986,2025,Transit,563.15,3.2784,9.29,96.62,1622
HATS-56 b,HATS-56,2019,Transit,564.41,4.3248,18.92,191.33,1902
K2-271 b,K2-271,2018,Transit,564.45,8.5624,7.28,,893
Wendelstein-2 b,Wendelstein-2,2020,Transit,565.54,1.7522,12.99,232.33,2470
TOI-2583 A b,TOI-2583 A,2023,Transit,566.19,4.5207,14.46,79.46,1456
TOI-3160 A b,TOI-3160 A,2025,Transit,567.68,3.9713,13.76,378.22,1539
Kepler-1654 b,Kepler-1654,2018,Transit,568.12,1047.8356,9.18,158.92,206
WASP-176 b,WASP-176,2020,Transit,568.42,3.8991,16.87,271.74,1721
WASP-92 b,WASP-92,2016,Transit,575.89,2.1747,16.38,255.85,1871
CoRoT-32 b,CoRoT-32,2018,Transit,576.68,6.7184,6.39,47.67,938
K2-204 b,K2-204,2018,Transit,577.24,7.0559,3.17,,1148
HATS-53 b,HATS-53,2017,Transit,585.77,3.8538,15.02,189.11,1312
Kepler-865 c,Kepler-865,2023,Transit,586.14,6.2092,0.89,,914
Kepler-6 b,Kepler-6,2009,Transit,587.04,3.2347,14.62,212.31,1460
TOI-2719 b,TOI-2719,2025,Transit,588.37,3.3759,5.98,,1710
BD-14 3065 b,BD-14 3065 A,2024,Transit,589.42,4.289,21.59,3932.0,2001
CoRoT-24 b,CoRoT-24,2014,Transit,591.55,5.1134,3.7,5.7,1070
CoRoT-24 c,CoRoT-24,2014,Transit,591.55,11.759,5.0,28.0,850
Kepler-1977 b,Kepler-1977,2023,Transit,592.71,4.537,1.66,,798
NGTS-21 b,NGTS-21,2022,Transit,592.89,1.5434,14.91,750.08,1357
Kepler-1995 b,Kepler-1995,2023,Transit,595.33,73.7579,4.28,,375
Kepler-1987 d,Kepler-1987,2023,Transit,595.68,5.6449,2.66,,744
Kepler-1987 c,Kepler-1987,2023,Transit,595.68,3.6483,1.33,,860
Kepler-1987 e,Kepler-1987,2023,Transit,595.68,8.7429,1.92,,643
Kepler-1987 b,Kepler-1987,2023,Transit,595.68,2.3459,1.23,,997
TOI-5592 b,TOI-5592,2025,Transit,597.03,2.6086,17.15,285.73,1789
TOI-3464 b,TOI-3464,2025,Transit,597.77,3.6516,13.76,397.29,1693
TOI-2714 b,TOI-2714,2024,Transit,597.87,2.4994,13.72,228.0,1603
Kepler-880 c,Kepler-880,2023,Transit,601.32,11.8062,2.87,,1407
WASP-165 b,WASP-165,2018,Transit,602.24,3.4655,14.12,209.13,1624
HATS-68 b,HATS-68,2018,Transit,603.96,3.5862,13.81,410.0,1741
TOI-3919 b,TOI-3919,2024,Transit,604.59,7.4332,12.32,1233.17,1198
NGTS-9 b,NGTS-9,2019,Transit,609.13,4.4353,11.99,921.71,1448
TOI-5232 b,TOI-5232,2024,Transit,609.39,4.0967,12.78,743.72,1772
HATS-55 b,HATS-55,2019,Transit,609.84,4.2042,14.02,292.72,1367
WASP-153 b,WASP-153,2017,Transit,610.18,3.3326,17.37,123.95,1700
HATS-63 b,HATS-63,2018,Transit,623.23,3.0567,13.53,305.12,1398
HATS-18 b,HATS-18,2016,Transit,624.37,0.8378,14.9,629.14,2069
WASP-169 b,WASP-169,2019,Transit,627.07,5.6114,14.62,178.3,1604
CoRoT-22 b,CoRoT-22,2014,Transit,627.16,9.756,4.88,12.2,885
Kepler-9 d,Kepler-9,2010,Transit,628.26,1.5929,1.64,,2026
TOI-5301 b,TOI-5301,2024,Transit,629.16,5.8589,13.09,1182.32,1648
TOI-6420 b,TOI-6420,2025,Transit,634.71,6.9615,11.94,2606.19,1213
Kepler-549 d,Kepler-549,2023,Transit,635.15,24.6148,4.2,,586
K2-113 b,K2-113,2017,Transit,635.72,5.8177,12.14,,1098
Kepler-1126 c,Kepler-1126,2023,Transit,635.74,199.6688,1.45,,305
HATS-9 b,HATS-9,2015,Transit,638.7,1.9153,13.85,,1746
HATS-23 b,HATS-23,2017,Transit,639.0,2.1605,20.85,467.21,1654
Kepler-77 b,Kepler-77,2013,Transit,639.41,3.5788,10.76,136.66,1440
HATS-59 b,HATS-59,2018,Transit,642.88,5.4161,12.62,256.17,1128
CoRoT-6 b,CoRoT-6,2009,Transit,645.29,8.8866,13.07,940.74,1017
TOI-3523 A b,TOI-3523 A,2025,Transit,645.29,2.3046,15.97,435.42,1984
Kepler-425 b,Kepler-425,2014,Transit,646.65,3.797,10.96,79.45,1070
NGTS-13 b,NGTS-13,2021,Transit,647.6,4.119,12.8,1538.3,1605
HAT-P-64 b,HAT-P-64,2021,Transit,651.9,4.0072,19.09,184.34,1766
GPX-1 b,GPX-1,2021,Transit,655.01,1.7446,16.48,6261.22,2300
CoRoT-11 b,CoRoT-11,2010,Transit,655.04,2.9943,16.03,740.51,1657
Kepler-111 c,Kepler-111,2014,Transit,657.22,224.7783,7.08,222.48,352
Kepler-1981 b,Kepler-1981,2023,Transit,659.4,453.5421,9.23,,390
K2-258 b,K2-258,2018,Transit,661.87,19.0921,3.0,,831
WASP-184 b,WASP-184,2019,Transit,663.23,5.1817,14.91,181.16,1480
K2-260 b,K2-260,2018,Transit,663.83,2.6267,18.42,546.66,2090
HAT-P-53 b,HAT-P-53,2015,Transit,666.8,1.9616,14.77,471.66,1778
WASP-188 b,WASP-188,2025,Transit,675.28,5.7489,14.82,458.63,1666
HATS-61 b,HATS-61,2018,Transit,679.76,7.818,13.39,1080.62,1226
NGTS-24 b,NGTS-24,2022,Transit,683.06,3.4679,13.61,165.27,1499
K2-107 b,K2-107,2017,Transit,685.2,3.314,15.98,,1649
Kepler-428 b,Kepler-428,2014,Transit,686.28,3.5256,12.11,403.63,1070
Kepler-416 d,Kepler-416,2023,Transit,690.82,3.0764,1.61,,1253
Kepler-297 d,Kepler-297,2023,Transit,692.14,150.019,32.6,,325
Kepler-290 d,Kepler-290,2023,Transit,694.63,0.764,0.86,,1589
K2-351 b,K2-351,2021,Transit,694.73,7.8062,2.54,,934
HAT-P-39 b,HAT-P-39,2012,Transit,697.0,3.5439,17.61,190.37,1752
Kepler-1999 b,Kepler-1999,2023,Transit,701.26,8.7397,3.29,,577
K2-246 b,K2-246,2018,Transit,703.62,5.7692,3.49,,977
Qatar-7 b,Qatar-7,2019,Transit,705.98,2.032,19.06,597.52,2053
K2-127 b,K2-127,2017,Transit,710.0,3.5882,8.37,,809
WASP-159 b,WASP-159,2018,Transit,715.38,3.8404,15.47,174.81,1850
Kepler-17 b,Kepler-17,2011,Transit,720.75,1.4857,14.68,778.65,1570
Kepler-1814 c,Kepler-1814,2023,Transit,726.35,0.6263,1.76,,1711
CoRoT-4 b,CoRoT-4,2008,Transit,726.41,9.2021,13.34,228.83,1074
Kepler-553 c,Kepler-553,2016,Transit,728.53,328.2402,11.58,2129.45,251
Kepler-553 b,Kepler-553,2016,Transit,728.53,4.0305,4.74,116.01,1089
Kepler-69 b,Kepler-69,2013,Transit,730.63,13.7223,2.24,,779
Kepler-69 c,Kepler-69,2013,Transit,730.63,242.4613,1.71,,299
WASP-142 b,WASP-142,2016,Transit,730.93,2.0529,17.15,266.98,2000
Qatar-3 b,Qatar-3,2017,Transit,735.6,2.5079,12.29,1369.85,1681
HATS-41 b,HATS-41,2018,Transit,737.67,4.1936,14.91,3082.95,1710
K2-340 b,K2-340,2021,Transit,738.14,29.7405,3.36,,606
HAT-P-65 b,HAT-P-65,2016,Transit,738.52,2.6054,18.06,176.08,1818
K2-7 b,K2-7,2015,Transit,738.55,28.6781,4.04,,786
HATS-32 b,HATS-32,2016,Transit,745.12,2.8127,14.0,292.4,1437
HATS-12 b,HATS-12,2016,Transit,746.14,3.1427,7.76,,1446
HATS-54 b,HATS-54,2019,Transit,748.59,2.5442,11.38,239.32,1429
HATS-16 b,HATS-16,2016,Transit,757.04,2.6865,14.57,1039.3,1592
WASP-171 b,WASP-171,2019,Transit,757.84,3.8186,10.98,344.53,1642
Kepler-725 b,Kepler-725,2016,Transit,758.47,39.6437,10.8,,514
Kepler-423 b,Kepler-423,2014,Transit,758.75,2.6843,13.36,189.1,1605
CoRoT-18 b,CoRoT-18,2011,Transit,764.89,1.9001,14.68,1102.82,1550
HATS-45 b,HATS-45,2018,Transit,772.11,4.1876,14.41,222.48,1518
HATS-31 b,HATS-31,2016,Transit,773.97,3.378,18.38,279.69,1823
Kepler-2001 c,Kepler-2001,2023,Transit,776.55,14.0926,1.82,,597
Kepler-2001 b,Kepler-2001,2023,Transit,776.55,1.09,1.04,,1402
Kepler-46 b,Kepler-46,2012,Transit,777.06,33.6013,9.06,1907.0,543
Kepler-311 d,Kepler-311,2023,Transit,778.65,232.0403,2.05,,327
Kepler-51 d,Kepler-51,2014,Transit,783.83,130.194,9.7,7.6,381
Kepler-51 c,Kepler-51,2012,Transit,783.83,85.312,9.0,4.0,439
Kepler-51 b,Kepler-51,2012,Transit,783.83,45.154,7.1,2.1,543
K2-278 b,K2-278,2018,Transit,786.44,3.335,2.98,,1711
NGTS-15 b,NGTS-15,2021,Transit,786.49,3.2762,12.33,238.69,1146
CoRoT-1 b,CoRoT-1,2008,Transit,787.91,1.509,16.7,327.35,1898
CoRoT-19 b,CoRoT-19,2011,Transit,790.66,3.8971,14.46,352.78,2000
HATS-8 b,HATS-8,2015,Transit,794.64,3.5839,9.79,43.86,1324
HATS-42 b,HATS-42,2018,Transit,800.38,2.2921,15.69,597.52,1856
HATS-27 b,HATS-27,2016,Transit,816.99,4.637,16.81,168.45,1659
Kepler-849 b,Kepler-849,2016,Transit,822.13,394.6251,8.08,298.76,363
Kepler-76 b,Kepler-76,2013,Orbital Brightness Modulation,822.96,1.5449,15.24,638.84,2140
Kepler-75 b,Kepler-75,2013,Transit,835.36,8.8849,11.77,3209.9,767
Kepler-1704 b,Kepler-1704,2021,Transit,835.46,988.8811,11.95,1322.17,254
NGTS-32 b,NGTS-32,2025,Transit,837.46,3.3121,15.92,181.16,1750
Kepler-1801 c,Kepler-1801,2023,Transit,839.33,116.5832,2.91,,371
Kepler-426 b,Kepler-426,2014,Transit,843.7,3.2175,12.22,108.06,1300
Kepler-90 i,KOI-351,2017,Transit,848.25,14.4491,1.32,,709
Kepler-1991 b,Kepler-1991,2023,Transit,855.82,13.2608,1.47,,760
Kepler-1991 c,Kepler-1991,2023,Transit,855.82,22.7902,2.57,,634
HATS-36 b,HATS-36,2018,Transit,856.44,4.1752,12.92,,1203
HATS-26 b,HATS-26,2016,Transit,861.84,3.3024,19.62,206.59,1918
Kepler-1610 c,Kepler-1610,2023,Transit,864.33,44.9852,2.09,,433
Kepler-1978 b,Kepler-1978,2023,Transit,865.51,10.8497,2.67,,676
Kepler-391 b,Kepler-391,2014,Transit,869.24,7.4175,2.5,1100.0,930
Kepler-391 c,Kepler-391,2014,Transit,869.24,20.501,2.88,450.0,662
K2-253 b,K2-253,2018,Transit,876.57,4.0017,12.67,,1238
K2-97 b,K2-97,2016,Transit,878.43,8.4071,13.45,174.49,1566
HATS-39 b,HATS-39,2018,Transit,878.52,4.5776,17.6,200.23,1645
Kepler-12 b,Kepler-12,2011,Transit,881.39,4.438,19.66,137.3,1480
CoRoT-5 b,CoRoT-5,2009,Transit,882.47,4.0379,15.56,148.42,1438
KOI-3503 b,KOI-3503,2021,Transit,887.06,21.185,1.19,9.2,785
KOI-3503 c,KOI-3503,2021,Transit,887.06,31.828,1.21,10.36,686
Kepler-656 c,Kepler-656,2023,Transit,890.35,5.2545,1.41,,975
Kepler-164 e,Kepler-164,2023,Transit,890.76,94.8869,4.24,,429
NGTS-16 b,NGTS-16,2021,Transit,898.17,4.8453,14.57,211.99,1177
Kepler-5 b,Kepler-5,2009,Transit,899.78,3.5485,15.98,670.94,1750
Kepler-619 d,Kepler-619,2023,Transit,900.68,11.6789,4.17,,830
Kepler-1518 c,Kepler-1518,2023,Transit,903.51,9.631,2.9,,1094
Kepler-1986 b,Kepler-1986,2023,Transit,912.09,19.549,1.89,,579
Kepler-430 b,Kepler-430,2015,Transit,917.48,35.968,3.25,,667
Kepler-430 c,Kepler-430,2015,Transit,917.48,110.979,1.75,,458
KOI-3680 b,KOI-3680,2018,Transit,921.99,141.2417,11.1,613.41,347
Kepler-7 b,Kepler-7,2009,Transit,922.56,4.8855,18.18,140.16,1630
CoRoT-36 b,CoRoT-36,2022,Transit,925.96,5.6165,15.8,216.12,1567
Kepler-101 c,Kepler-101,2014,Transit,927.98,6.0298,1.25,3.78,1413
Kepler-101 b,Kepler-101,2014,Transit,927.98,3.4877,5.77,51.1,1513
Kepler-1921 c,Kepler-1921,2023,Transit,928.99,3.1572,1.41,,1791
Kepler-1894 c,Kepler-1894,2023,Transit,935.19,5.0537,1.21,,1007
HAT-P-66 b,HAT-P-66,2016,Transit,935.46,2.9721,17.82,248.86,1896
Kepler-1181 c,Kepler-1181,2023,Transit,938.42,8.9348,1.83,,1124
Kepler-1162 c,Kepler-1162,2023,Transit,940.21,59.2841,1.81,,401
NGTS-27 b,NGTS-27,2024,Transit,942.12,3.3704,15.65,188.47,1783
Kepler-1052 c,Kepler-1052,2023,Transit,943.44,180.9217,2.3,,302
HATS-11 b,HATS-11,2016,Transit,944.6,3.6192,18.03,,1596
HATS-67 b,HATS-67,2018,Transit,960.11,1.6092,18.89,460.85,2193
Kepler-763 d,Kepler-763,2023,Transit,962.46,6.5033,1.67,,804
Kepler-763 c,Kepler-763,2023,Transit,962.46,4.0967,1.42,,938
Kepler-58 e,Kepler-58,2023,Transit,969.25,4.4581,1.61,,1212
Kepler-1471 c,Kepler-1471,2023,Transit,978.68,11.6045,1.88,,841
Kepler-43 b,Kepler-43,2011,Transit,1005.84,3.0241,13.66,1026.59,1620
CoRoT-27 b,CoRoT-27,2014,Transit,1010.28,3.5753,11.29,3302.11,1500
Kepler-1487 c,Kepler-1487,2023,Transit,1014.62,35.8007,7.97,,991
Kepler-427 b,Kepler-427,2014,Transit,1017.8,10.291,13.79,92.17,1100
Kepler-8 b,Kepler-8,2010,Transit,1021.87,3.5225,15.87,187.52,1680
Kepler-1993 b,Kepler-1993,2023,Transit,1031.91,26.6566,4.15,,903
PH1 b,PH1,2012,Transit,1033.16,138.317,6.18,169.0,481
K2-52 b,K2-52,2016,Transit,1038.41,3.5351,18.0,,2004
NGTS-17 b,NGTS-17,2021,Transit,1040.28,3.2425,13.9,242.82,1457
CoRoT-26 b,CoRoT-26,2013,Transit,1045.18,4.2047,14.12,165.26,1600
Kepler-39 b,Kepler-39,2011,Transit,1057.41,21.0872,13.9,6388.1,897
CoRoT-23 b,CoRoT-23,2011,Transit,1060.97,3.6313,11.77,889.9,1660
NGTS-23 b,NGTS-23,2022,Transit,1074.95,4.0764,14.2,194.83,1327
Kepler-1979 b,Kepler-1979,2023,Transit,1076.27,18.5085,29.33,,683
HATS-64 b,HATS-64,2018,Transit,1080.15,4.9089,18.82,305.12,1793
Kepler-412 b,Kepler-412,2014,Transit,1086.24,1.7209,15.03,299.08,1850
Kepler-41 b,Kepler-41,2011,Transit,1093.08,1.8556,14.46,177.98,1790
NGTS-26 b,NGTS-26,2024,Transit,1093.69,4.5199,14.89,92.81,1331
NGTS-18 b,NGTS-18,2021,Transit,1096.19,3.0513,13.56,129.99,1381
CoRoT-25 b,CoRoT-25,2013,Transit,1103.48,4.8607,12.11,85.81,1330
CoRoT-35 b,CoRoT-35,2022,Transit,1123.21,3.2275,18.83,349.61,1747
CoRoT-12 b,CoRoT-12,2010,Transit,1126.37,2.828,16.14,291.44,1442
HATS-15 b,HATS-15,2016,Transit,1139.55,1.7475,12.39,689.69,1505
CoRoT-13 b,CoRoT-13,2010,Transit,1148.93,4.0352,9.92,415.7,1700
KOI-134 b,KOI-134,2025,Transit,1159.21,67.1277,12.04,346.43,659
Kepler-38 b,Kepler-38,2012,Transit,1174.59,105.599,4.3,122.0,475
CoRoT-17 b,CoRoT-17,2011,Transit,1176.12,3.7681,11.43,772.29,1626
Kepler-74 b,Kepler-74,2013,Transit,1177.55,7.3407,10.76,200.22,1078
Kepler-44 b,Kepler-44,2011,Transit,1188.0,3.2467,12.22,317.82,1544
TIC 183374187 b,TIC 183374187,2026,Transit,1208.75,5.0591,14.03,177.98,1379
Kepler-434 b,Kepler-434,2015,Transit,1222.54,12.8747,12.67,908.96,1000
Kepler-87 c,Kepler-87,2013,Transit,1232.9,191.2318,6.14,6.4,403
Kepler-87 b,Kepler-87,2013,Transit,1232.9,114.7364,13.49,324.2,478
Kepler-1989 b,Kepler-1989,2023,Transit,1252.13,10.161,4.62,,904
Kepler-91 b,Kepler-91,2013,Transit,1294.69,6.2466,15.32,257.44,2040
Kepler-347 d,Kepler-347,2023,Transit,1298.88,85.5173,3.04,,482
Kepler-784 c,Kepler-784,2023,Transit,1303.72,17.1572,1.55,,844
Kepler-1976 b,Kepler-1976,2023,Transit Timing Variations,1314.51,4.9593,12.21,,1103
Kepler-1859 c,Kepler-1859,2023,Transit,1331.25,3.5965,1.66,,1327
HATS-40 b,HATS-40,2018,Transit,1342.29,3.2643,17.71,505.35,2101
Kepler-435 b,Kepler-435,2015,Transit,1418.77,8.6002,22.31,266.97,1729
Kepler-117 b,Kepler-117,2014,Transit,1455.57,18.7959,8.06,29.88,984
Kepler-117 c,Kepler-117,2014,Transit,1455.57,50.7904,12.34,584.78,704
HATS-70 b,HATS-70,2019,Transit,1458.83,1.8882,15.51,4100.01,2730
HATS-66 b,HATS-66,2018,Transit,1477.98,3.1414,15.82,1694.03,1998
Kepler-1997 b,Kepler-1997,2023,Transit,1502.34,26.7576,2.28,,660
Kepler-1980 b,Kepler-1980,2023,Transit,1709.4,33.0257,2.21,,564
CoRoT-14 b,CoRoT-14,2010,Transit,1744.6,1.5121,12.22,2415.4,1952
Kepler-433 b,Kepler-433,2015,Transit,1878.31,5.3341,16.25,896.24,1776
Kepler-730 b,Kepler-730,2016,Transit,1935.04,6.4917,12.33,,1219
Kepler-730 c,Kepler-730,2018,Transit,1935.04,2.8519,1.57,,1607
OGLE-TR-132 b,OGLE-TR-132,2004,Transit,2012.62,1.6899,13.45,375.02,2013
Kepler-864 c,Kepler-864,2023,Transit,2022.9,2.4215,1.62,,1532
Kepler-1491 c,Kepler-1491,2023,Transit,2065.59,61.5698,2.44,,530
Kepler-40 b,Kepler-40,2010,Transit,2305.01,6.8735,13.11,699.2,1620
Kepler-896 c,Kepler-896,2023,Transit,2334.93,29.5423,3.15,,515
WTS-1 b,WTS-1,2012,Transit,2346.01,3.3521,16.7,1274.44,1500
